Architecture 153	600	PF02493	25	125	1	GL50803_9427	MORN repeat
Architecture 153	600	PF02493	150	250	1	GL50803_9427	MORN repeat
Architecture 153	600	PF02493	275	375	1	GL50803_9427	MORN repeat
Architecture 153	600	PF02493	400	500	1	GL50803_9427	MORN repeat
Architecture 152	450	PF00515	25	125	1	GMRT_11445	Tetratricopeptide repeat
Architecture 152	450	PF13181	150	250	1	GMRT_11445	Tetratricopeptide repeat
Architecture 152	450	PF00226	275	375	1	GMRT_11445	DnaJ domain
Architecture 151	450	PF00270	25	125	1	HIN_000974	DEAD/DEAH box helicase
Architecture 151	450	PF00271	150	250	1	HIN_000974	Helicase conserved C-terminal domain
Architecture 151	450	PF00271	275	375	1	HIN_000974	Helicase conserved C-terminal domain
Architecture 150	450	PF02493	25	125	6	HIN_054067;HIN_059883;HIN_071700;SS50377_21191;TPC1_11163;TPC1_17125	MORN repeat
Architecture 150	450	PF02493	150	250	6	HIN_054067;HIN_059883;HIN_071700;SS50377_21191;TPC1_11163;TPC1_17125	MORN repeat
Architecture 150	450	PF02493	275	375	6	HIN_054067;HIN_059883;HIN_071700;SS50377_21191;TPC1_11163;TPC1_17125	MORN repeat
Architecture 149	450	PF13432	25	125	1	SS50377_20497	Tetratricopeptide repeat
Architecture 149	450	PF13181	150	250	1	SS50377_20497	Tetratricopeptide repeat
Architecture 149	450	PF00226	275	375	1	SS50377_20497	DnaJ domain
Architecture 148	450	PF13306	25	125	1	TPC1_13857	BspA type Leucine rich repeat region (6 copies)
Architecture 148	450	PF13306	150	250	1	TPC1_13857	BspA type Leucine rich repeat region (6 copies)
Architecture 148	450	PF02213	275	375	1	TPC1_13857	GYF domain
Architecture 147	300	PF01336	25	125	4	GL50803_13075;GMRT_10122;SS50377_22117;TPC1_14328	OB-fold nucleic acid binding domain
Architecture 147	300	PF08646	150	250	4	GL50803_13075;GMRT_10122;SS50377_22117;TPC1_14328	Replication factor-A C terminal domain
Architecture 146	300	PF00004	25	125	3	GL50803_13777;GMRT_12786;SS50377_25542	ATPase family associated with various cellular activities (AAA)
Architecture 146	300	PF00004	150	250	3	GL50803_13777;GMRT_12786;SS50377_25542	ATPase family associated with various cellular activities (AAA)
Architecture 145	300	PF07974	25	125	5	GL50803_16322;GL50803_16477;GL50803_37421;GMRT_13126;GMRT_20505	EGF-like domain
Architecture 145	300	PF07974	150	250	5	GL50803_16322;GL50803_16477;GL50803_37421;GMRT_13126;GMRT_20505	EGF-like domain
Architecture 144	300	PF00211	25	125	18	GL50803_16599;GMRT_15869;HIN_003720;HIN_003751;HIN_005231;HIN_018560;HIN_029945;HIN_029947;HIN_029974;HIN_050843;HIN_050856;HIN_050858;HIN_050893;HIN_078444;HIN_084144;HIN_084205;HIN_087783;SS50377_24405	Adenylate and Guanylate cyclase catalytic domain
Architecture 144	300	PF00211	150	250	18	GL50803_16599;GMRT_15869;HIN_003720;HIN_003751;HIN_005231;HIN_018560;HIN_029945;HIN_029947;HIN_029974;HIN_050843;HIN_050856;HIN_050858;HIN_050893;HIN_078444;HIN_084144;HIN_084205;HIN_087783;SS50377_24405	Adenylate and Guanylate cyclase catalytic domain
Architecture 143	300	PF07004	25	125	2	GL50803_17081;GMRT_11463	Sperm-tail PG-rich repeat
Architecture 143	300	PF07004	150	250	2	GL50803_17081;GMRT_11463	Sperm-tail PG-rich repeat
Architecture 142	300	PF17772	25	125	7	GL50803_17263;GMRT_14423;HIN_039506;HIN_077862;HIN_087255;SS50377_24494;TPC1_13678	MYST family zinc finger domain
Architecture 142	300	PF01853	150	250	7	GL50803_17263;GMRT_14423;HIN_039506;HIN_077862;HIN_087255;SS50377_24494;TPC1_13678	MOZ/SAS family
Architecture 141	300	PF01554	25	125	7	GL50803_17326;GMRT_10986;HIN_001713;HIN_015060;SS50377_20863;TPC1_12364;TPC1_14906	MatE
Architecture 141	300	PF01554	150	250	7	GL50803_17326;GMRT_10986;HIN_001713;HIN_015060;SS50377_20863;TPC1_12364;TPC1_14906	MatE
Architecture 140	300	PF00270	25	125	9	GL50803_6283;GMRT_15539;HIN_004564;HIN_012810;HIN_012866;HIN_087338;HIN_095683;SS50377_23725;TPC1_12071	DEAD/DEAH box helicase
Architecture 140	300	PF00271	150	250	9	GL50803_6283;GMRT_15539;HIN_004564;HIN_012810;HIN_012866;HIN_087338;HIN_095683;SS50377_23725;TPC1_12071	Helicase conserved C-terminal domain
Architecture 139	300	PF04615	25	125	2	GL50803_8243;GMRT_10592	Utp14 protein
Architecture 139	300	PF04615	150	250	2	GL50803_8243;GMRT_10592	Utp14 protein
Architecture 138	300	PF04712	25	125	6	GL50803_8426;GMRT_15587;HIN_004943;HIN_012483;SS50377_20940;TPC1_13709	Radial spokehead-like protein
Architecture 138	300	PF04712	150	250	6	GL50803_8426;GMRT_15587;HIN_004943;HIN_012483;SS50377_20940;TPC1_13709	Radial spokehead-like protein
Architecture 137	300	PF01207	25	125	1	GL50803_8705	Dihydrouridine synthase (Dus)
Architecture 137	300	PF01207	150	250	1	GL50803_8705	Dihydrouridine synthase (Dus)
Architecture 136	300	PF13967	25	125	10	GL50803_92518;GMRT_12122;GMRT_12479;HIN_054998;HIN_075578;HIN_090048;SS50377_23167;SS50377_23373;TPC1_12285;TPC1_15290	Late exocytosis, associated with Golgi transport
Architecture 136	300	PF02714	150	250	10	GL50803_92518;GMRT_12122;GMRT_12479;HIN_054998;HIN_075578;HIN_090048;SS50377_23167;SS50377_23373;TPC1_12285;TPC1_15290	Calcium-dependent channel, 7TM region, putative phosphate
Architecture 135	300	PF13432	25	125	1	GMRT_11569	Tetratricopeptide repeat
Architecture 135	300	PF13374	150	250	1	GMRT_11569	Tetratricopeptide repeat
Architecture 134	300	PF01490	25	125	1	GMRT_12720	Transmembrane amino acid transporter protein
Architecture 134	300	PF01490	150	250	1	GMRT_12720	Transmembrane amino acid transporter protein
Architecture 133	300	PF00176	25	125	5	GMRT_13838;HIN_004611;HIN_098003;SS50377_24755;TPC1_14982	SNF2 family N-terminal domain
Architecture 133	300	PF00271	150	250	5	GMRT_13838;HIN_004611;HIN_098003;SS50377_24755;TPC1_14982	Helicase conserved C-terminal domain
Architecture 132	300	PF14555	25	125	2	GMRT_16312;TPC1_14218	UBA-like domain
Architecture 132	300	PF01713	150	250	2	GMRT_16312;TPC1_14218	Smr domain
Architecture 131	300	PF05997	25	125	2	HIN_010639;HIN_017890	Nucleolar protein,Nop52
Architecture 131	300	PF05997	150	250	2	HIN_010639;HIN_017890	Nucleolar protein,Nop52
Architecture 130	300	PF00069	25	125	1	HIN_017091	Protein kinase domain
Architecture 130	300	PF02518	150	250	1	HIN_017091	Histidine kinase-, DNA gyrase B-, and HSP90-like ATPase
Architecture 129	300	PF00620	25	125	3	HIN_025475;HIN_043793;HIN_097713	RhoGAP domain
Architecture 129	300	PF07653	150	250	3	HIN_025475;HIN_043793;HIN_097713	Variant SH3 domain
Architecture 128	300	PF17958	25	125	5	HIN_033848;HIN_034190;HIN_067926;SS50377_22135;TPC1_16390	EF-hand domain
Architecture 128	300	PF13499	150	250	5	HIN_033848;HIN_034190;HIN_067926;SS50377_22135;TPC1_16390	EF-hand domain pair
Architecture 127	300	PF00226	25	125	3	HIN_035944;HIN_036543;HIN_081868	DnaJ domain
Architecture 127	300	PF07743	150	250	3	HIN_035944;HIN_036543;HIN_081868	HSCB C-terminal oligomerisation domain
Architecture 126	300	PF02493	25	125	1	HIN_059843	MORN repeat
Architecture 126	300	PF02493	150	250	1	HIN_059843	MORN repeat
Architecture 125	150	PF00069	25	125	102	GL50803_101850;GL50803_11290;GL50803_114937;GL50803_13852;GL50803_14172;GL50803_14661;GL50803_15397;GL50803_16235;GL50803_17073;GL50803_17625;GL50803_90575;GL50803_9422;GL50803_96363;GMRT_10182;GMRT_11377;GMRT_11778;GMRT_12460;GMRT_13576;GMRT_13988;GMRT_14180;GMRT_14273;GMRT_14462;GMRT_14464;GMRT_14534;GMRT_14640;GMRT_15491;HIN_001415;HIN_004011;HIN_004129;HIN_005917;HIN_014764;HIN_018025;HIN_018122;HIN_019672;HIN_021014;HIN_021183;HIN_024123;HIN_030261;HIN_031975;HIN_032142;HIN_037222;HIN_038528;HIN_044171;HIN_048729;HIN_049255;HIN_050514;HIN_056767;HIN_057281;HIN_057995;HIN_060676;HIN_064468;HIN_066175;HIN_066176;HIN_066223;HIN_067245;HIN_067247;HIN_067302;HIN_070253;HIN_072948;HIN_076903;HIN_079015;HIN_080120;HIN_085711;HIN_086708;HIN_091651;HIN_092951;HIN_093956;HIN_094388;HIN_094389;HIN_097176;HIN_097292;HIN_098850;SS50377_20182;SS50377_22455;SS50377_22729;SS50377_23199;SS50377_23544;SS50377_24010;SS50377_24017;SS50377_24499;SS50377_24791;SS50377_24813;SS50377_25987;SS50377_26134;SS50377_26370;SS50377_26841;SS50377_27037;TPC1_10748;TPC1_11123;TPC1_11161;TPC1_11340;TPC1_12264;TPC1_12400;TPC1_12699;TPC1_12820;TPC1_14150;TPC1_14533;TPC1_14836;TPC1_15931;TPC1_16422;TPC1_16704;TPC1_17444	Protein kinase domain
Architecture 124	150	PF03031	25	125	17	GL50803_10190;GL50803_4235;GMRT_11294;GMRT_12646;HIN_018965;HIN_019878;HIN_028842;HIN_052630;HIN_077761;HIN_089696;HIN_090651;SS50377_22310;SS50377_26839;SS50377_27218;TPC1_13329;TPC1_14184;TPC1_16351	NLI interacting factor-like phosphatase
Architecture 123	150	PF13863	25	125	1	GL50803_10303	Domain of unknown function (DUF4200)
Architecture 122	150	PF07974	25	125	9	GL50803_10330;GL50803_14573;GL50803_16833;GL50803_6509;GMRT_11244;GMRT_12473;GMRT_12560;GMRT_13098;GMRT_13248	EGF-like domain
Architecture 121	150	PF00687	25	125	5	GL50803_10341;HIN_007031;HIN_044369;HIN_090740;TPC1_17825	Ribosomal protein L1p/L10e family
Architecture 120	150	PF00085	25	125	7	GL50803_104250;GL50803_3910;GL50803_9045;GMRT_14686;GMRT_15366;SS50377_24449;SS50377_27213	Thioredoxin
Architecture 119	150	PF03671	25	125	6	GL50803_104982;GMRT_12609;HIN_052953;HIN_088445;HIN_096066;TPC1_14504	Ubiquitin fold modifier 1 protein
Architecture 118	150	PF00149	25	125	24	GL50803_10711;GL50803_14545;GL50803_7588;GMRT_10264;GMRT_13100;GMRT_13764;HIN_016351;HIN_023032;HIN_044055;HIN_047453;HIN_076811;HIN_078730;HIN_078731;HIN_082004;HIN_082005;HIN_095793;HIN_095794;SS50377_24280;SS50377_25110;SS50377_27629;TPC1_10711;TPC1_10926;TPC1_13653;TPC1_15541	Calcineurin-like phosphoesterase
Architecture 117	150	PF00112	25	125	26	GL50803_11209;GL50803_137680;GL50803_17607;GL50803_3099;GL50803_3169;GL50803_9548;GMRT_10866;GMRT_11473;GMRT_12624;GMRT_13010;GMRT_15650;GMRT_20195;HIN_006570;HIN_008159;HIN_023337;HIN_028285;HIN_038292;HIN_050300;SS50377_24705;SS50377_24907;SS50377_26948;SS50377_27860;SS50377_27871;SS50377_28422;TPC1_16745;TPC1_16916	Papain family cysteine protease
Architecture 116	150	PF02252	25	125	9	GL50803_12062;GMRT_10629;HIN_032181;HIN_053712;HIN_060510;HIN_074578;HIN_076115;SS50377_20042;TPC1_16788	Proteasome activator pa28 beta subunit
Architecture 115	150	PF01553	25	125	12	GL50803_12109;GMRT_10162;HIN_019392;HIN_019399;HIN_067102;HIN_067115;HIN_086825;HIN_086836;HIN_086857;HIN_086870;SS50377_24611;TPC1_15840	Acyltransferase
Architecture 114	150	PF00995	25	125	8	GL50803_13528;GMRT_12655;HIN_020915;HIN_064616;HIN_081329;HIN_090995;SS50377_24430;TPC1_13442	Sec1 family
Architecture 113	150	PF00025	25	125	7	GL50803_13930;GMRT_11029;HIN_070161;HIN_097814;HIN_097985;SS50377_24483;TPC1_15443	ADP-ribosylation factor family
Architecture 112	150	PF00443	25	125	7	GL50803_14460;GMRT_12402;HIN_083212;HIN_092457;SS50377_28157;SS50377_28170;TPC1_15626	Ubiquitin carboxyl-terminal hydrolase
Architecture 111	150	PF01652	25	125	17	GL50803_14482;GL50803_17261;GL50803_96264;GMRT_10077;GMRT_14424;HIN_010943;HIN_010975;HIN_016342;HIN_040516;HIN_070491;HIN_092900;HIN_094558;HIN_097921;HIN_100395;SS50377_21090;SS50377_28060;TPC1_16524	Eukaryotic initiation factor 4E
Architecture 110	150	PF00620	25	125	3	GL50803_14608;SS50377_23422;TPC1_20034	RhoGAP domain
Architecture 109	150	PF07973	25	125	6	GL50803_15078;GMRT_13584;HIN_024960;HIN_027417;HIN_040220;SS50377_26686	Threonyl and Alanyl tRNA synthetase second additional domain
Architecture 108	150	PF00226	25	125	7	GL50803_15148;HIN_027739;HIN_042162;HIN_053972;SS50377_27005;TPC1_10715;TPC1_16552	DnaJ domain
Architecture 107	150	PF01105	25	125	8	GL50803_15204;GMRT_24378;HIN_023968;HIN_068030;HIN_071101;SS50377_27511;TPC1_10849;TPC1_12257	emp24/gp25L/p24 family/GOLD
Architecture 106	150	PF13472	25	125	3	GL50803_15311;TPC1_11505;TPC1_15110	GDSL-like Lipase/Acylhydrolase family
Architecture 105	150	PF01436	25	125	1	GL50803_15382	NHL repeat
Architecture 104	150	PF03942	25	125	7	GL50803_15898;GMRT_11095;HIN_000453;HIN_076552;HIN_078188;SS50377_25515;TPC1_10669	DTW domain
Architecture 103	150	PF00132	25	125	2	GL50803_16129;GMRT_12387	Bacterial transferase hexapeptide (six repeats)
Architecture 102	150	PF00022	25	125	8	GL50803_16172;GMRT_12408;HIN_025540;HIN_034027;HIN_043688;SS50377_20953;TPC1_13171;TPC1_13589	Actin
Architecture 101	150	PF13868	25	125	9	GL50803_16267;GMRT_13971;HIN_048251;HIN_085360;HIN_085789;HIN_097527;HIN_099103;SS50377_28235;TPC1_10973	Trichohyalin-plectin-homology domain
Architecture 100	150	PF14633	25	125	1	GL50803_16317	SH2 domain
Architecture 99	150	PF05997	25	125	4	GL50803_16658;GMRT_13586;SS50377_22667;TPC1_17668	Nucleolar protein,Nop52
Architecture 98	150	PF01399	25	125	5	GL50803_16659;GMRT_13616;HIN_037873;HIN_065457;HIN_084406	PCI domain
Architecture 97	150	PF00557	25	125	11	GL50803_16722;GMRT_14903;HIN_032282;HIN_034418;HIN_034429;HIN_053574;HIN_053587;HIN_062236;HIN_062249;SS50377_23657;TPC1_11208	Metallopeptidase family M24
Architecture 96	150	PF01841	25	125	3	GL50803_16817;GL50803_4038;GMRT_10027	Transglutaminase-like superfamily
Architecture 95	150	PF07743	25	125	2	GL50803_17030;GMRT_11701	HSCB C-terminal oligomerisation domain
Architecture 94	150	PF00012	25	125	7	GL50803_17432;GMRT_10376;HIN_034053;HIN_043657;SS50377_27098;TPC1_14351;TPC1_17879	Hsp70 protein
Architecture 93	150	PF03800	25	125	8	GL50803_17472;HIN_026303;HIN_026688;HIN_039197;HIN_045938;SS50377_22562;SS50377_26844;TPC1_12120	Nuf2 family
Architecture 92	150	PF17958	25	125	2	GL50803_17538;GMRT_15826	EF-hand domain
Architecture 91	150	PF00849	25	125	7	GL50803_1830;GMRT_13929;HIN_054995;HIN_075574;HIN_090053;SS50377_25750;TPC1_12053	RNA pseudouridylate synthase
Architecture 90	150	PF03879	25	125	5	GL50803_20603;HIN_000523;HIN_002324;HIN_072006;HIN_077060	Cgr1 family
Architecture 89	150	PF01529	25	125	12	GL50803_2116;GMRT_14097;HIN_040784;HIN_040804;HIN_051998;HIN_052018;HIN_055580;HIN_055596;HIN_088024;HIN_088042;SS50377_25050;TPC1_16535	DHHC palmitoyltransferase
Architecture 88	150	PF00097	25	125	1	GL50803_21622	Zinc finger, C3HC4 type (RING finger)
Architecture 87	150	PF06294	25	125	7	GL50803_24043;GMRT_15510;HIN_046986;HIN_051247;HIN_079989;SS50377_23202;TPC1_10159	CH-like domain in sperm protein
Architecture 86	150	PF00167	25	125	6	GL50803_24451;GMRT_14940;HIN_008729;HIN_032613;HIN_035460;TPC1_15372	Fibroblast growth factor
Architecture 85	150	PF02213	25	125	9	GL50803_24485;GMRT_10200;HIN_008991;HIN_029181;HIN_041426;HIN_047671;HIN_094943;SS50377_25765;TPC1_10905	GYF domain
Architecture 84	150	PF03966	25	125	6	GL50803_2710;GMRT_14265;HIN_024159;HIN_069019;HIN_083582;SS50377_26981	Trm112p-like protein
Architecture 83	150	PF08234	25	125	7	GL50803_2833;GMRT_16083;HIN_010999;HIN_070451;HIN_086653;HIN_086667;TPC1_15601	Chromosome segregation protein Spc25
Architecture 82	150	PF04729	25	125	3	GL50803_33433;GMRT_15240;SS50377_24890	ASF1 like histone chaperone
Architecture 81	150	PF14931	25	125	8	GL50803_3581;GMRT_16288;HIN_055379;HIN_063932;HIN_073433;HIN_074757;SS50377_22374;TPC1_10266	Intraflagellar transport complex B, subunit 20
Architecture 80	150	PF05172	25	125	1	GL50803_3598	Nup53/35/40-type RNA recognition motif
Architecture 79	150	PF03637	25	125	8	GL50803_4008;GMRT_14267;HIN_026942;HIN_028094;HIN_038920;HIN_084875;SS50377_26807;TPC1_17602	Mob1/phocein family
Architecture 78	150	PF00899	25	125	5	GL50803_4083;GMRT_10378;HIN_031177;HIN_065090;SS50377_25478	ThiF family
Architecture 77	150	PF01713	25	125	4	GL50803_40920;HIN_026880;HIN_030188;HIN_039372	Smr domain
Architecture 76	150	PF01255	25	125	8	GL50803_4631;GMRT_13211;HIN_018824;HIN_019985;HIN_063682;HIN_073615;SS50377_25725;TPC1_16130	Putative undecaprenyl diphosphate synthase
Architecture 75	150	PF07690	25	125	6	GL50803_4911;GMRT_14186;HIN_022313;HIN_036698;HIN_056554;SS50377_26845	Major Facilitator Superfamily
Architecture 74	150	PF04658	25	125	10	GL50803_4950;GMRT_13847;GMRT_23225;HIN_016421;HIN_093042;HIN_093244;HIN_095564;HIN_100247;SS50377_22267;TPC1_16582	TAFII55 protein conserved region
Architecture 73	150	PF08241	25	125	4	GL50803_5013;HIN_009890;HIN_024846;HIN_057583	Methyltransferase domain
Architecture 72	150	PF03849	25	125	2	GL50803_5062;HIN_010466	Transcription factor Tfb2
Architecture 71	150	PF07534	25	125	10	GL50803_60163;GMRT_14662;HIN_016809;HIN_054199;HIN_075203;HIN_093110;SS50377_20028;SS50377_26362;TPC1_13226;TPC1_16969	TLD
Architecture 70	150	PF01880	25	125	26	GL50803_61550;GMRT_11522;HIN_009664;HIN_009677;HIN_009690;HIN_009706;HIN_009710;HIN_009717;HIN_009731;HIN_009772;HIN_024649;HIN_024666;HIN_024682;HIN_024695;HIN_024701;HIN_024744;HIN_025277;HIN_025316;HIN_025324;HIN_025345;HIN_025374;HIN_025384;HIN_025418;SS50377_22811;SS50377_22819;TPC1_12608	Desulfoferrodoxin
Architecture 69	150	PF04597	25	125	8	GL50803_61575;GMRT_12410;HIN_003729;HIN_029966;HIN_050884;HIN_084171;SS50377_23747;TPC1_11392	Ribophorin I
Architecture 68	150	PF00225	25	125	7	GL50803_6404;GMRT_13617;HIN_057801;HIN_085338;HIN_087722;SS50377_21175;TPC1_10440	Kinesin motor domain
Architecture 67	150	PF02872	25	125	1	GL50803_6736	5'-nucleotidase, C-terminal domain
Architecture 66	150	PF06941	25	125	15	GL50803_678;GMRT_16347;HIN_001226;HIN_001229;HIN_013098;HIN_013103;HIN_013166;HIN_018617;HIN_026037;HIN_062694;HIN_078496;HIN_092144;TPC1_10107;TPC1_12405;TPC1_17025	5' nucleotidase, deoxy (Pyrimidine), cytosolic type C protein (NT5C)
Architecture 65	150	PF14770	25	125	7	GL50803_6917;HIN_008967;HIN_029160;HIN_078311;HIN_096098;SS50377_28242;TPC1_14850	Transmembrane protein 18
Architecture 64	150	PF05739	25	125	15	GL50803_7309;GMRT_10062;HIN_015542;HIN_015543;HIN_016563;HIN_016564;HIN_030623;HIN_048767;HIN_074404;HIN_091230;HIN_091231;SS50377_26998;TPC1_11654;TPC1_15297;TPC1_17030	SNARE domain
Architecture 63	150	PF02151	25	125	2	GL50803_7444;GMRT_11651	UvrB/uvrC motif
Architecture 62	150	PF08718	25	125	11	GL50803_7598;GMRT_12306;HIN_003875;HIN_020613;HIN_046511;HIN_079889;HIN_087518;SS50377_26445;TPC1_10304;TPC1_12668;TPC1_13229	Glycolipid transfer protein (GLTP)
Architecture 61	150	PF13855	25	125	4	GL50803_7608;HIN_023382;HIN_038233;HIN_075987	Leucine rich repeat
Architecture 60	150	PF03878	25	125	4	GL50803_7873;HIN_028246;HIN_082128;TPC1_12825	YIF1
Architecture 59	150	PF01490	25	125	5	GL50803_7909;HIN_022867;HIN_028741;SS50377_25611;TPC1_13400	Transmembrane amino acid transporter protein
Architecture 58	150	PF05303	25	125	3	GL50803_8200;HIN_057804;HIN_087719	Protein of unknown function (DUF727)
Architecture 57	150	PF00485	25	125	9	GL50803_8217;GMRT_11373;HIN_023987;HIN_030731;HIN_068061;HIN_071114;SS50377_27219;SS50377_27220;TPC1_16769	Phosphoribulokinase / Uridine kinase family
Architecture 56	150	PF14779	25	125	7	GL50803_8738;HIN_026875;HIN_030183;HIN_039367;HIN_081533;SS50377_23681;TPC1_16074	Ciliary BBSome complex subunit 1
Architecture 55	150	PF03178	25	125	8	GL50803_89050;GMRT_14345;HIN_010012;HIN_010015;HIN_047875;HIN_074891;HIN_074893;HIN_100710	CPSF A subunit region
Architecture 54	150	PF16969	25	125	6	GL50803_8916;GMRT_11694;HIN_051288;HIN_079958;SS50377_26745;TPC1_13836	RNA-binding signal recognition particle 68
Architecture 53	150	PF05057	25	125	7	GL50803_90418;GMRT_10602;HIN_014084;HIN_041673;HIN_090826;SS50377_25122;TPC1_17265	Putative serine esterase (DUF676)
Architecture 52	150	PF04177	25	125	6	GL50803_9058;GMRT_16330;HIN_017004;HIN_018051;SS50377_27941;TPC1_17373	TAP42-like family
Architecture 51	150	PF01214	25	125	8	GL50803_93671;GMRT_12278;HIN_020062;HIN_039552;HIN_039555;HIN_062884;SS50377_23385;TPC1_15909	Casein kinase II regulatory subunit
Architecture 50	150	PF00071	25	125	6	GL50803_9718;GMRT_12045;HIN_026064;HIN_080886;HIN_091132;TPC1_10519	Ras family
Architecture 49	150	PF13649	25	125	1	GMRT_10018	Methyltransferase domain
Architecture 48	150	PF01207	25	125	11	GMRT_10059;HIN_026795;HIN_026802;HIN_026817;HIN_039302;HIN_045826;HIN_081590;HIN_095722;HIN_100787;SS50377_21242;TPC1_12314	Dihydrouridine synthase (Dus)
Architecture 47	150	PF13419	25	125	2	GMRT_10285;TPC1_12604	Haloacid dehalogenase-like hydrolase
Architecture 46	150	PF09292	25	125	1	GMRT_10849	Endonuclease VIII-like 1, DNA bind
Architecture 45	150	PF00027	25	125	1	GMRT_10879	Cyclic nucleotide-binding domain
Architecture 44	150	PF00076	25	125	8	GMRT_11379;HIN_008993;HIN_029183;HIN_041428;HIN_047669;HIN_094945;SS50377_20314;TPC1_15127	RNA recognition motif. (a.k.a. RRM, RBD, or RNP domain)
Architecture 43	150	PF00400	25	125	1	GMRT_11906	WD domain, G-beta repeat
Architecture 42	150	PF00249	25	125	7	GMRT_12299;HIN_022058;HIN_090262;HIN_092025;SS50377_23186;TPC1_12492;TPC1_13162	Myb-like DNA-binding domain
Architecture 41	150	PF12352	25	125	2	GMRT_12541;TPC1_14810	Snare region anchored in the vesicle membrane C-terminus
Architecture 40	150	PF07989	25	125	1	GMRT_13425	Centrosomin N-terminal motif 1
Architecture 39	150	PF01866	25	125	1	GMRT_14133	Putative diphthamide synthesis protein
Architecture 38	150	PF01875	25	125	4	GMRT_14850;HIN_007459;HIN_037751;HIN_058189	Memo-like protein
Architecture 37	150	PF03941	25	125	2	GMRT_14969;TPC1_13332	Inner centromere protein, ARK binding region
Architecture 36	150	PF14595	25	125	17	HIN_001514;HIN_002146;HIN_014872;HIN_015874;HIN_036042;HIN_036444;HIN_065942;HIN_065948;HIN_070850;HIN_070856;HIN_081854;HIN_082404;HIN_100805;SS50377_20724;SS50377_20736;SS50377_20750;TPC1_13737	Thioredoxin
Architecture 35	150	PF00211	25	125	12	HIN_002795;HIN_003753;HIN_003755;HIN_029943;HIN_084138;HIN_084149;HIN_084203;HIN_087785;HIN_100314;HIN_100698;TPC1_12761;TPC1_14922	Adenylate and Guanylate cyclase catalytic domain
Architecture 34	150	PF02714	25	125	2	HIN_004852;HIN_012567	Calcium-dependent channel, 7TM region, putative phosphate
Architecture 33	150	PF01849	25	125	4	HIN_006097;HIN_014303;HIN_023855;TPC1_17327	NAC domain
Architecture 32	150	PF13445	25	125	6	HIN_008748;HIN_032627;HIN_035487;SS50377_21251;TPC1_14932;TPC1_17510	RING-type zinc-finger
Architecture 31	150	PF05603	25	125	4	HIN_016315;HIN_040556;HIN_092881;TPC1_14943	Protein of unknown function (DUF775)
Architecture 30	150	PF05131	25	125	3	HIN_017304;HIN_047735;HIN_049107	Pep3/Vps18/deep orange family
Architecture 29	150	PF00004	25	125	4	HIN_017371;HIN_047793;HIN_049157;TPC1_10180	ATPase family associated with various cellular activities (AAA)
Architecture 28	150	PF07004	25	125	4	HIN_017384;HIN_047803;HIN_049167;SS50377_21193	Sperm-tail PG-rich repeat
Architecture 27	150	PF02518	25	125	1	HIN_018119	Histidine kinase-, DNA gyrase B-, and HSP90-like ATPase
Architecture 26	150	PF01956	25	125	5	HIN_020541;HIN_030790;HIN_041366;SS50377_23743;TPC1_17680	Integral membrane protein EMC3/TMCO1-like
Architecture 25	150	PF08598	25	125	7	HIN_021084;HIN_021097;HIN_032064;HIN_032077;HIN_059709;HIN_099269;TPC1_11264	Sds3-like
Architecture 24	150	PF13516	25	125	3	HIN_021122;HIN_032033;HIN_057221	Leucine Rich repeat
Architecture 23	150	PF00373	25	125	5	HIN_021144;HIN_032005;HIN_057247;TPC1_13473;TPC1_15663	FERM central domain
Architecture 22	150	PF01728	25	125	4	HIN_021304;HIN_059323;HIN_068817;HIN_073226	FtsJ-like methyltransferase
Architecture 21	150	PF01336	25	125	3	HIN_026186;HIN_039841;HIN_085199	OB-fold nucleic acid binding domain
Architecture 20	150	PF09439	25	125	6	HIN_026582;HIN_063554;HIN_081611;HIN_091747;SS50377_22062;TPC1_13895	Signal recognition particle receptor beta subunit
Architecture 19	150	PF04615	25	125	2	HIN_039972;TPC1_13458	Utp14 protein
Architecture 18	150	PF09336	25	125	1	HIN_049156	Vps4 C terminal oligomerisation domain
Architecture 17	150	PF06385	25	125	1	HIN_081528	Baculovirus LEF-11 protein
Architecture 16	150	PF01388	25	125	3	HIN_090757;HIN_093023;SS50377_25390	ARID/BRIGHT DNA binding domain
Architecture 15	150	PF08286	25	125	3	HIN_090772;HIN_093860;TPC1_14872	Spc24 subunit of Ndc80
Architecture 14	150	PF06831	25	125	2	SS50377_23440;TPC1_12878	Formamidopyrimidine-DNA glycosylase H2TH domain
Architecture 13	150	PF13847	25	125	1	SS50377_23796	Methyltransferase domain
Architecture 12	150	PF07719	25	125	1	SS50377_24628	Tetratricopeptide repeat
Architecture 11	150	PF00439	25	125	1	SS50377_25239	Bromodomain
Architecture 10	150	PF14555	25	125	1	SS50377_26810	UBA-like domain
Architecture 9	150	PF01554	25	125	2	SS50377_27470;TPC1_17849	MatE
Architecture 8	150	PF13181	25	125	1	SS50377_27490	Tetratricopeptide repeat
Architecture 7	150	PF13967	25	125	1	TPC1_10488	Late exocytosis, associated with Golgi transport
Architecture 6	150	PF15963	25	125	1	TPC1_12727	Myb DNA-binding like
Architecture 5	150	PF00483	25	125	1	TPC1_13543	Nucleotidyl transferase
Architecture 4	150	PF06705	25	125	1	TPC1_14688	SF-assemblin/beta giardin
Architecture 3	150	PF14382	25	125	1	TPC1_14693	Exosome complex exonuclease RRP4 N-terminal region
Architecture 2	150	PF01411	25	125	1	TPC1_15884	tRNA synthetases class II (A)
Architecture 1	150	PF01878	25	125	1	TPC1_16124	EVE domain
