Architecture 243	1200	PF02493	25	125	2	HIN_031047;TPC1_12486	MORN repeat
Architecture 243	1200	PF02493	150	250	2	HIN_031047;TPC1_12486	MORN repeat
Architecture 243	1200	PF02493	275	375	2	HIN_031047;TPC1_12486	MORN repeat
Architecture 243	1200	PF02493	400	500	2	HIN_031047;TPC1_12486	MORN repeat
Architecture 243	1200	PF02493	525	625	2	HIN_031047;TPC1_12486	MORN repeat
Architecture 243	1200	PF02493	650	750	2	HIN_031047;TPC1_12486	MORN repeat
Architecture 243	1200	PF02493	775	875	2	HIN_031047;TPC1_12486	MORN repeat
Architecture 243	1200	PF02493	900	1000	2	HIN_031047;TPC1_12486	MORN repeat
Architecture 242	1050	PF02493	25	125	1	HIN_031178	MORN repeat
Architecture 242	1050	PF02493	150	250	1	HIN_031178	MORN repeat
Architecture 242	1050	PF02493	275	375	1	HIN_031178	MORN repeat
Architecture 242	1050	PF02493	400	500	1	HIN_031178	MORN repeat
Architecture 242	1050	PF02493	525	625	1	HIN_031178	MORN repeat
Architecture 242	1050	PF02493	650	750	1	HIN_031178	MORN repeat
Architecture 242	1050	PF02493	775	875	1	HIN_031178	MORN repeat
Architecture 241	900	PF02493	25	125	4	HIN_022421;HIN_056219;HIN_065089;HIN_065281	MORN repeat
Architecture 241	900	PF02493	150	250	4	HIN_022421;HIN_056219;HIN_065089;HIN_065281	MORN repeat
Architecture 241	900	PF02493	275	375	4	HIN_022421;HIN_056219;HIN_065089;HIN_065281	MORN repeat
Architecture 241	900	PF02493	400	500	4	HIN_022421;HIN_056219;HIN_065089;HIN_065281	MORN repeat
Architecture 241	900	PF02493	525	625	4	HIN_022421;HIN_056219;HIN_065089;HIN_065281	MORN repeat
Architecture 241	900	PF02493	650	750	4	HIN_022421;HIN_056219;HIN_065089;HIN_065281	MORN repeat
Architecture 240	900	PF12799	25	125	3	HIN_054845;HIN_067815;HIN_079347	Leucine Rich repeats (2 copies)
Architecture 240	900	PF02493	150	250	3	HIN_054845;HIN_067815;HIN_079347	MORN repeat
Architecture 240	900	PF02493	275	375	3	HIN_054845;HIN_067815;HIN_079347	MORN repeat
Architecture 240	900	PF02493	400	500	3	HIN_054845;HIN_067815;HIN_079347	MORN repeat
Architecture 240	900	PF02493	525	625	3	HIN_054845;HIN_067815;HIN_079347	MORN repeat
Architecture 240	900	PF02493	650	750	3	HIN_054845;HIN_067815;HIN_079347	MORN repeat
Architecture 239	750	PF02493	25	125	4	HIN_031050;HIN_060899;TPC1_14046;TPC1_16027	MORN repeat
Architecture 239	750	PF02493	150	250	4	HIN_031050;HIN_060899;TPC1_14046;TPC1_16027	MORN repeat
Architecture 239	750	PF02493	275	375	4	HIN_031050;HIN_060899;TPC1_14046;TPC1_16027	MORN repeat
Architecture 239	750	PF02493	400	500	4	HIN_031050;HIN_060899;TPC1_14046;TPC1_16027	MORN repeat
Architecture 239	750	PF02493	525	625	4	HIN_031050;HIN_060899;TPC1_14046;TPC1_16027	MORN repeat
Architecture 238	750	PF00805	25	125	1	HIN_045123	Pentapeptide repeats (8 copies)
Architecture 238	750	PF00805	150	250	1	HIN_045123	Pentapeptide repeats (8 copies)
Architecture 238	750	PF00400	275	375	1	HIN_045123	WD domain, G-beta repeat
Architecture 238	750	PF00400	400	500	1	HIN_045123	WD domain, G-beta repeat
Architecture 238	750	PF00400	525	625	1	HIN_045123	WD domain, G-beta repeat
Architecture 237	600	PF00085	25	125	4	HIN_020921;HIN_064609;HIN_081320;HIN_091002	Thioredoxin
Architecture 237	600	PF00085	150	250	4	HIN_020921;HIN_064609;HIN_081320;HIN_091002	Thioredoxin
Architecture 237	600	PF00085	275	375	4	HIN_020921;HIN_064609;HIN_081320;HIN_091002	Thioredoxin
Architecture 237	600	PF00085	400	500	4	HIN_020921;HIN_064609;HIN_081320;HIN_091002	Thioredoxin
Architecture 236	600	PF12796	25	125	1	HIN_041902	Ankyrin repeats (3 copies)
Architecture 236	600	PF12796	150	250	1	HIN_041902	Ankyrin repeats (3 copies)
Architecture 236	600	PF12796	275	375	1	HIN_041902	Ankyrin repeats (3 copies)
Architecture 236	600	PF12796	400	500	1	HIN_041902	Ankyrin repeats (3 copies)
Architecture 235	600	PF02493	25	125	5	HIN_085387;HIN_091993;HIN_095166;HIN_099791;TPC1_31341	MORN repeat
Architecture 235	600	PF02493	150	250	5	HIN_085387;HIN_091993;HIN_095166;HIN_099791;TPC1_31341	MORN repeat
Architecture 235	600	PF02493	275	375	5	HIN_085387;HIN_091993;HIN_095166;HIN_099791;TPC1_31341	MORN repeat
Architecture 235	600	PF02493	400	500	5	HIN_085387;HIN_091993;HIN_095166;HIN_099791;TPC1_31341	MORN repeat
Architecture 234	600	PF07004	25	125	1	TPC1_13516	Sperm-tail PG-rich repeat
Architecture 234	600	PF07004	150	250	1	TPC1_13516	Sperm-tail PG-rich repeat
Architecture 234	600	PF07004	275	375	1	TPC1_13516	Sperm-tail PG-rich repeat
Architecture 234	600	PF07004	400	500	1	TPC1_13516	Sperm-tail PG-rich repeat
Architecture 233	600	PF12796	25	125	1	TPC1_17451	Ankyrin repeats (3 copies)
Architecture 233	600	PF13857	150	250	1	TPC1_17451	Ankyrin repeats (many copies)
Architecture 233	600	PF12796	275	375	1	TPC1_17451	Ankyrin repeats (3 copies)
Architecture 233	600	PF12796	400	500	1	TPC1_17451	Ankyrin repeats (3 copies)
Architecture 232	450	PF01368	25	125	4	HIN_010459;HIN_072602;TPC1_11752;TPC1_13319	DHH family
Architecture 232	450	PF00571	150	250	4	HIN_010459;HIN_072602;TPC1_11752;TPC1_13319	CBS domain
Architecture 232	450	PF00571	275	375	4	HIN_010459;HIN_072602;TPC1_11752;TPC1_13319	CBS domain
Architecture 231	450	PF07004	25	125	8	HIN_011493;HIN_052352;HIN_071460;HIN_074250;HIN_082777;HIN_083462;HIN_083769;TPC1_15253	Sperm-tail PG-rich repeat
Architecture 231	450	PF07004	150	250	8	HIN_011493;HIN_052352;HIN_071460;HIN_074250;HIN_082777;HIN_083462;HIN_083769;TPC1_15253	Sperm-tail PG-rich repeat
Architecture 231	450	PF07004	275	375	8	HIN_011493;HIN_052352;HIN_071460;HIN_074250;HIN_082777;HIN_083462;HIN_083769;TPC1_15253	Sperm-tail PG-rich repeat
Architecture 230	450	PF12437	25	125	3	HIN_024166;HIN_069012;HIN_083589	Glutamine synthetase type III N terminal
Architecture 230	450	PF00120	150	250	3	HIN_024166;HIN_069012;HIN_083589	Glutamine synthetase, catalytic domain
Architecture 230	450	PF18318	275	375	3	HIN_024166;HIN_069012;HIN_083589	Glutamine synthetase C-terminal domain
Architecture 229	450	PF00226	25	125	3	HIN_034287;HIN_069924;HIN_077932	DnaJ domain
Architecture 229	450	PF01556	150	250	3	HIN_034287;HIN_069924;HIN_077932	DnaJ C terminal domain
Architecture 229	450	PF00684	275	375	3	HIN_034287;HIN_069924;HIN_077932	DnaJ central domain
Architecture 228	450	PF00270	25	125	5	HIN_057795;HIN_062610;HIN_062613;HIN_085345;HIN_085349	DEAD/DEAH box helicase
Architecture 228	450	PF00271	150	250	5	HIN_057795;HIN_062610;HIN_062613;HIN_085345;HIN_085349	Helicase conserved C-terminal domain
Architecture 228	450	PF07717	275	375	5	HIN_057795;HIN_062610;HIN_062613;HIN_085345;HIN_085349	Oligonucleotide/oligosaccharide-binding (OB)-fold
Architecture 227	450	PF12796	25	125	1	HIN_058660	Ankyrin repeats (3 copies)
Architecture 227	450	PF13857	150	250	1	HIN_058660	Ankyrin repeats (many copies)
Architecture 227	450	PF12796	275	375	1	HIN_058660	Ankyrin repeats (3 copies)
Architecture 226	450	PF12796	25	125	1	HIN_082200	Ankyrin repeats (3 copies)
Architecture 226	450	PF12796	150	250	1	HIN_082200	Ankyrin repeats (3 copies)
Architecture 226	450	PF12796	275	375	1	HIN_082200	Ankyrin repeats (3 copies)
Architecture 225	450	PF04841	25	125	2	HIN_092447;TPC1_16153	Vps16, N-terminal region
Architecture 225	450	PF04841	150	250	2	HIN_092447;TPC1_16153	Vps16, N-terminal region
Architecture 225	450	PF04840	275	375	2	HIN_092447;TPC1_16153	Vps16, C-terminal region
Architecture 224	450	PF02493	25	125	3	TPC1_11169;TPC1_11694;TPC1_14260	MORN repeat
Architecture 224	450	PF02493	150	250	3	TPC1_11169;TPC1_11694;TPC1_14260	MORN repeat
Architecture 224	450	PF02493	275	375	3	TPC1_11169;TPC1_11694;TPC1_14260	MORN repeat
Architecture 223	450	PF12799	25	125	1	TPC1_12096	Leucine Rich repeats (2 copies)
Architecture 223	450	PF02493	150	250	1	TPC1_12096	MORN repeat
Architecture 223	450	PF02493	275	375	1	TPC1_12096	MORN repeat
Architecture 222	450	PF00085	25	125	1	TPC1_14027	Thioredoxin
Architecture 222	450	PF00085	150	250	1	TPC1_14027	Thioredoxin
Architecture 222	450	PF00085	275	375	1	TPC1_14027	Thioredoxin
Architecture 221	300	PF00249	25	125	12	HIN_000977;HIN_000979;HIN_000981;HIN_000996;HIN_012879;HIN_016728;HIN_054288;HIN_076781;HIN_087312;HIN_087331;HIN_087335;TPC1_17742	Myb-like DNA-binding domain
Architecture 221	300	PF00249	150	250	12	HIN_000977;HIN_000979;HIN_000981;HIN_000996;HIN_012879;HIN_016728;HIN_054288;HIN_076781;HIN_087312;HIN_087331;HIN_087335;TPC1_17742	Myb-like DNA-binding domain
Architecture 220	300	PF03952	25	125	8	HIN_001926;HIN_015621;HIN_020776;HIN_053336;HIN_058487;HIN_080984;TPC1_10953;TPC1_11649	Enolase, N-terminal domain
Architecture 220	300	PF00113	150	250	8	HIN_001926;HIN_015621;HIN_020776;HIN_053336;HIN_058487;HIN_080984;TPC1_10953;TPC1_11649	Enolase, C-terminal TIM barrel domain
Architecture 219	300	PF00005	25	125	21	HIN_005334;HIN_005339;HIN_026881;HIN_026883;HIN_026885;HIN_026887;HIN_030189;HIN_030191;HIN_030193;HIN_030195;HIN_036013;HIN_036015;HIN_036017;HIN_039373;HIN_039376;HIN_039377;HIN_078575;HIN_081525;HIN_088938;HIN_090572;TPC1_11052	ABC transporter
Architecture 219	300	PF00005	150	250	21	HIN_005334;HIN_005339;HIN_026881;HIN_026883;HIN_026885;HIN_026887;HIN_030189;HIN_030191;HIN_030193;HIN_030195;HIN_036013;HIN_036015;HIN_036017;HIN_039373;HIN_039376;HIN_039377;HIN_078575;HIN_081525;HIN_088938;HIN_090572;TPC1_11052	ABC transporter
Architecture 218	300	PF13304	25	125	1	HIN_005335	AAA domain, putative AbiEii toxin, Type IV TA system
Architecture 218	300	PF00005	150	250	1	HIN_005335	ABC transporter
Architecture 217	300	PF00270	25	125	9	HIN_006032;HIN_006605;HIN_006636;HIN_008117;HIN_016265;HIN_024132;HIN_055948;HIN_071186;HIN_073336	DEAD/DEAH box helicase
Architecture 217	300	PF00271	150	250	9	HIN_006032;HIN_006605;HIN_006636;HIN_008117;HIN_016265;HIN_024132;HIN_055948;HIN_071186;HIN_073336	Helicase conserved C-terminal domain
Architecture 216	300	PF01467	25	125	3	HIN_007291;HIN_073051;HIN_099354	Cytidylyltransferase-like
Architecture 216	300	PF13521	150	250	3	HIN_007291;HIN_073051;HIN_099354	AAA domain
Architecture 215	300	PF00036	25	125	1	HIN_007903	EF hand
Architecture 215	300	PF13202	150	250	1	HIN_007903	EF hand
Architecture 214	300	PF00191	25	125	4	HIN_007993;HIN_014244;HIN_041135;HIN_099502	Annexin
Architecture 214	300	PF00191	150	250	4	HIN_007993;HIN_014244;HIN_041135;HIN_099502	Annexin
Architecture 213	300	PF09820	25	125	2	HIN_010556;TPC1_12280	Predicted AAA-ATPase
Architecture 213	300	PF08011	150	250	2	HIN_010556;TPC1_12280	PD-(D/E)XK nuclease superfamily
Architecture 212	300	PF00071	25	125	3	HIN_010737;HIN_038006;HIN_048594	Ras family
Architecture 212	300	PF09070	150	250	3	HIN_010737;HIN_038006;HIN_048594	PFU (PLAA family ubiquitin binding)
Architecture 211	300	PF12796	25	125	4	HIN_010939;HIN_038183;HIN_070499;TPC1_15155	Ankyrin repeats (3 copies)
Architecture 211	300	PF12796	150	250	4	HIN_010939;HIN_038183;HIN_070499;TPC1_15155	Ankyrin repeats (3 copies)
Architecture 210	300	PF01498	25	125	2	HIN_011740;HIN_048957	Transposase
Architecture 210	300	PF13358	150	250	2	HIN_011740;HIN_048957	DDE superfamily endonuclease
Architecture 209	300	PF07004	25	125	12	HIN_011748;HIN_030290;HIN_038549;HIN_042236;HIN_050538;HIN_052188;HIN_053915;HIN_079189;HIN_079795;HIN_098753;TPC1_16312;TPC1_17261	Sperm-tail PG-rich repeat
Architecture 209	300	PF07004	150	250	12	HIN_011748;HIN_030290;HIN_038549;HIN_042236;HIN_050538;HIN_052188;HIN_053915;HIN_079189;HIN_079795;HIN_098753;TPC1_16312;TPC1_17261	Sperm-tail PG-rich repeat
Architecture 208	300	PF01554	25	125	6	HIN_014075;HIN_014078;HIN_041683;HIN_090837;HIN_090839;TPC1_11668	MatE
Architecture 208	300	PF01554	150	250	6	HIN_014075;HIN_014078;HIN_041683;HIN_090837;HIN_090839;TPC1_11668	MatE
Architecture 207	300	PF08246	25	125	3	HIN_018437;HIN_033428;HIN_055707	Cathepsin propeptide inhibitor domain (I29)
Architecture 207	300	PF00112	150	250	3	HIN_018437;HIN_033428;HIN_055707	Papain family cysteine protease
Architecture 206	300	PF13499	25	125	19	HIN_018537;HIN_025949;HIN_026382;HIN_026387;HIN_026763;HIN_026772;HIN_028924;HIN_039270;HIN_039279;HIN_040766;HIN_045849;HIN_045854;HIN_052042;HIN_053840;HIN_053841;HIN_055613;HIN_056906;HIN_056907;HIN_078420	EF-hand domain pair
Architecture 206	300	PF13202	150	250	19	HIN_018537;HIN_025949;HIN_026382;HIN_026387;HIN_026763;HIN_026772;HIN_028924;HIN_039270;HIN_039279;HIN_040766;HIN_045849;HIN_045854;HIN_052042;HIN_053840;HIN_053841;HIN_055613;HIN_056906;HIN_056907;HIN_078420	EF hand
Architecture 205	300	PF14845	25	125	6	HIN_020043;HIN_063598;HIN_073699;HIN_088511;HIN_094831;HIN_098173	beta-acetyl hexosaminidase like
Architecture 205	300	PF00728	150	250	6	HIN_020043;HIN_063598;HIN_073699;HIN_088511;HIN_094831;HIN_098173	Glycosyl hydrolase family 20, catalytic domain
Architecture 204	300	PF14560	25	125	4	HIN_022602;HIN_028523;HIN_043531;HIN_091943	Ubiquitin-like domain
Architecture 204	300	PF01302	150	250	4	HIN_022602;HIN_028523;HIN_043531;HIN_091943	CAP-Gly domain
Architecture 203	300	PF13843	25	125	1	HIN_023711	Transposase IS4
Architecture 203	300	PF13843	150	250	1	HIN_023711	Transposase IS4
Architecture 202	300	PF04326	25	125	2	HIN_024130;HIN_086704	Putative DNA-binding domain
Architecture 202	300	PF00004	150	250	2	HIN_024130;HIN_086704	ATPase family associated with various cellular activities (AAA)
Architecture 201	300	PF13516	25	125	1	HIN_026025	Leucine Rich repeat
Architecture 201	300	PF13855	150	250	1	HIN_026025	Leucine rich repeat
Architecture 200	300	PF09234	25	125	1	HIN_026075	Domain of unknown function (DUF1963)
Architecture 200	300	PF09234	150	250	1	HIN_026075	Domain of unknown function (DUF1963)
Architecture 199	300	PF08017	25	125	1	HIN_028139	Fibrinogen binding protein
Architecture 199	300	PF00071	150	250	1	HIN_028139	Ras family
Architecture 198	300	PF00023	25	125	3	HIN_032263;HIN_034438;HIN_053600	Ankyrin repeat
Architecture 198	300	PF12796	150	250	3	HIN_032263;HIN_034438;HIN_053600	Ankyrin repeats (3 copies)
Architecture 197	300	PF00616	25	125	3	HIN_032826;HIN_034648;HIN_050183	GTPase-activator protein for Ras-like GTPase
Architecture 197	300	PF13716	150	250	3	HIN_032826;HIN_034648;HIN_050183	Divergent CRAL/TRIO domain
Architecture 196	300	PF00754	25	125	4	HIN_033866;HIN_034171;HIN_067907;TPC1_11399	F5/8 type C domain
Architecture 196	300	PF00754	150	250	4	HIN_033866;HIN_034171;HIN_067907;TPC1_11399	F5/8 type C domain
Architecture 195	300	PF01556	25	125	4	HIN_034288;HIN_057102;HIN_069925;HIN_077931	DnaJ C terminal domain
Architecture 195	300	PF00684	150	250	4	HIN_034288;HIN_057102;HIN_069925;HIN_077931	DnaJ central domain
Architecture 194	300	PF13516	25	125	2	HIN_035807;TPC1_30681	Leucine Rich repeat
Architecture 194	300	PF13516	150	250	2	HIN_035807;TPC1_30681	Leucine Rich repeat
Architecture 193	300	PF03381	25	125	1	HIN_039155	LEM3 (ligand-effect modulator 3) family / CDC50 family
Architecture 193	300	PF03381	150	250	1	HIN_039155	LEM3 (ligand-effect modulator 3) family / CDC50 family
Architecture 192	300	PF13202	25	125	3	HIN_041844;HIN_044825;HIN_066289	EF hand
Architecture 192	300	PF13833	150	250	3	HIN_041844;HIN_044825;HIN_066289	EF-hand domain pair
Architecture 191	300	PF02251	25	125	4	HIN_042198;HIN_053934;HIN_079818;HIN_093312	Proteasome activator pa28 alpha subunit
Architecture 191	300	PF02252	150	250	4	HIN_042198;HIN_053934;HIN_079818;HIN_093312	Proteasome activator pa28 beta subunit
Architecture 190	300	PF00637	25	125	3	HIN_046869;HIN_051359;HIN_096212	Region in Clathrin and VPS
Architecture 190	300	PF00637	150	250	3	HIN_046869;HIN_051359;HIN_096212	Region in Clathrin and VPS
Architecture 189	300	PF03133	25	125	4	HIN_047167;HIN_057398;HIN_063776;HIN_100020	Tubulin-tyrosine ligase family
Architecture 189	300	PF03133	150	250	4	HIN_047167;HIN_057398;HIN_063776;HIN_100020	Tubulin-tyrosine ligase family
Architecture 188	300	PF13967	25	125	1	HIN_054936	Late exocytosis, associated with Golgi transport
Architecture 188	300	PF02714	150	250	1	HIN_054936	Calcium-dependent channel, 7TM region, putative phosphate
Architecture 187	300	PF02493	25	125	3	HIN_060304;HIN_065087;TPC1_16249	MORN repeat
Architecture 187	300	PF02493	150	250	3	HIN_060304;HIN_065087;TPC1_16249	MORN repeat
Architecture 186	300	PF00350	25	125	4	HIN_069179;HIN_074977;HIN_074985;TPC1_11659	Dynamin family
Architecture 186	300	PF01031	150	250	4	HIN_069179;HIN_074977;HIN_074985;TPC1_11659	Dynamin central region
Architecture 185	300	PF12796	25	125	4	HIN_077832;HIN_077838;HIN_087622;HIN_087626	Ankyrin repeats (3 copies)
Architecture 185	300	PF00023	150	250	4	HIN_077832;HIN_077838;HIN_087622;HIN_087626	Ankyrin repeat
Architecture 184	300	PF01546	25	125	3	HIN_079039;HIN_083124;TPC1_13477	Peptidase family M20/M25/M40
Architecture 184	300	PF07687	150	250	3	HIN_079039;HIN_083124;TPC1_13477	Peptidase dimerisation domain
Architecture 183	300	PF05405	25	125	5	HIN_083011;HIN_085969;HIN_085971;HIN_085973;HIN_100991	Mitochondrial ATP synthase B chain precursor (ATP-synt_B)
Architecture 183	300	PF00249	150	250	5	HIN_083011;HIN_085969;HIN_085971;HIN_085973;HIN_100991	Myb-like DNA-binding domain
Architecture 182	300	PF04841	25	125	2	HIN_083226;HIN_096159	Vps16, N-terminal region
Architecture 182	300	PF04840	150	250	2	HIN_083226;HIN_096159	Vps16, C-terminal region
Architecture 181	300	PF05495	25	125	1	TPC1_10739	CHY zinc finger
Architecture 181	300	PF13639	150	250	1	TPC1_10739	Ring finger domain
Architecture 180	300	PF12437	25	125	2	TPC1_11886;TPC1_16673	Glutamine synthetase type III N terminal
Architecture 180	300	PF00120	150	250	2	TPC1_11886;TPC1_16673	Glutamine synthetase, catalytic domain
Architecture 179	300	PF00294	25	125	1	TPC1_11914	pfkB family carbohydrate kinase
Architecture 179	300	PF00294	150	250	1	TPC1_11914	pfkB family carbohydrate kinase
Architecture 178	300	PF05729	25	125	2	TPC1_13024;TPC1_16173	NACHT domain
Architecture 178	300	PF13599	150	250	2	TPC1_13024;TPC1_16173	Pentapeptide repeats (9 copies)
Architecture 177	300	PF13499	25	125	1	TPC1_15586	EF-hand domain pair
Architecture 177	300	PF13499	150	250	1	TPC1_15586	EF-hand domain pair
Architecture 176	300	PF13202	25	125	1	TPC1_15773	EF hand
Architecture 176	300	PF13499	150	250	1	TPC1_15773	EF-hand domain pair
Architecture 175	300	PF13499	25	125	1	TPC1_15887	EF-hand domain pair
Architecture 175	300	PF13833	150	250	1	TPC1_15887	EF-hand domain pair
Architecture 174	300	PF12799	25	125	1	TPC1_16395	Leucine Rich repeats (2 copies)
Architecture 174	300	PF12799	150	250	1	TPC1_16395	Leucine Rich repeats (2 copies)
Architecture 173	300	PF00249	25	125	1	TPC1_16561	Myb-like DNA-binding domain
Architecture 173	300	PF13921	150	250	1	TPC1_16561	Myb-like DNA-binding domain
Architecture 172	300	PF00149	25	125	1	TPC1_16921	Calcineurin-like phosphoesterase
Architecture 172	300	PF00149	150	250	1	TPC1_16921	Calcineurin-like phosphoesterase
Architecture 171	300	PF00069	25	125	1	TPC1_17166	Protein kinase domain
Architecture 171	300	PF00069	150	250	1	TPC1_17166	Protein kinase domain
Architecture 170	300	PF00240	25	125	1	TPC1_17765	Ubiquitin family
Architecture 170	300	PF09234	150	250	1	TPC1_17765	Domain of unknown function (DUF1963)
Architecture 169	300	PF00617	25	125	1	TPC1_20012	RasGEF domain
Architecture 169	300	PF00617	150	250	1	TPC1_20012	RasGEF domain
Architecture 168	150	PF02525	25	125	45	HIN_000009;HIN_002681;HIN_002704;HIN_013515;HIN_022398;HIN_022399;HIN_022403;HIN_022408;HIN_022409;HIN_022411;HIN_022429;HIN_022430;HIN_022438;HIN_022439;HIN_022465;HIN_022488;HIN_024927;HIN_032971;HIN_045323;HIN_048027;HIN_056206;HIN_056210;HIN_056238;HIN_056239;HIN_056243;HIN_056244;HIN_056273;HIN_056289;HIN_062443;HIN_065258;HIN_065264;HIN_065269;HIN_065271;HIN_065289;HIN_065290;HIN_065295;HIN_065296;HIN_065321;HIN_065343;HIN_076085;HIN_079722;HIN_095461;HIN_100613;HIN_100614;TPC1_11192	Flavodoxin-like fold
Architecture 167	150	PF00102	25	125	2	HIN_000028;HIN_095479	Protein-tyrosine phosphatase
Architecture 166	150	PF00443	25	125	8	HIN_000099;HIN_000106;HIN_011941;HIN_011951;HIN_013595;HIN_013609;TPC1_14972;TPC1_20081	Ubiquitin carboxyl-terminal hydrolase
Architecture 165	150	PF00856	25	125	5	HIN_000230;HIN_000246;HIN_011826;HIN_013739;TPC1_16336	SET domain
Architecture 164	150	PF13843	25	125	378	HIN_000231;HIN_000529;HIN_000821;HIN_001109;HIN_001345;HIN_002976;HIN_003032;HIN_003044;HIN_003359;HIN_003513;HIN_003595;HIN_003993;HIN_004339;HIN_004340;HIN_004386;HIN_004606;HIN_004710;HIN_005185;HIN_005186;HIN_005208;HIN_005599;HIN_005648;HIN_006514;HIN_006521;HIN_006782;HIN_006783;HIN_007864;HIN_007962;HIN_009300;HIN_009301;HIN_009464;HIN_009465;HIN_010292;HIN_010368;HIN_010815;HIN_010816;HIN_010825;HIN_011472;HIN_012620;HIN_012671;HIN_013806;HIN_013992;HIN_013995;HIN_014044;HIN_014336;HIN_014502;HIN_015077;HIN_015335;HIN_015336;HIN_015577;HIN_015821;HIN_015956;HIN_016615;HIN_016616;HIN_016709;HIN_016854;HIN_017166;HIN_017167;HIN_017221;HIN_017406;HIN_017632;HIN_018071;HIN_018753;HIN_019128;HIN_019140;HIN_019858;HIN_019897;HIN_019928;HIN_020480;HIN_020711;HIN_020890;HIN_021862;HIN_022030;HIN_022583;HIN_022621;HIN_022805;HIN_023380;HIN_023412;HIN_023531;HIN_023742;HIN_023743;HIN_024425;HIN_024740;HIN_024922;HIN_025069;HIN_025722;HIN_025936;HIN_025991;HIN_026296;HIN_026297;HIN_026378;HIN_027036;HIN_027225;HIN_027234;HIN_027245;HIN_027246;HIN_027645;HIN_027867;HIN_027995;HIN_028201;HIN_028343;HIN_028641;HIN_028650;HIN_028663;HIN_028724;HIN_029041;HIN_029046;HIN_029073;HIN_029543;HIN_029554;HIN_029754;HIN_029811;HIN_029897;HIN_029918;HIN_030910;HIN_031324;HIN_031558;HIN_032418;HIN_032784;HIN_032827;HIN_032841;HIN_032842;HIN_033221;HIN_033325;HIN_033420;HIN_033445;HIN_033579;HIN_033700;HIN_034065;HIN_035725;HIN_035726;HIN_035835;HIN_036730;HIN_037028;HIN_037053;HIN_037054;HIN_037795;HIN_037831;HIN_037866;HIN_038923;HIN_038947;HIN_040102;HIN_040326;HIN_040706;HIN_040823;HIN_040919;HIN_041566;HIN_041760;HIN_041976;HIN_042280;HIN_043030;HIN_043113;HIN_043147;HIN_043186;HIN_043187;HIN_043203;HIN_044221;HIN_044226;HIN_044451;HIN_044521;HIN_044737;HIN_045014;HIN_045015;HIN_045064;HIN_045065;HIN_046043;HIN_046126;HIN_046127;HIN_046529;HIN_046530;HIN_046820;HIN_046974;HIN_047086;HIN_047679;HIN_047781;HIN_047910;HIN_047911;HIN_047934;HIN_047967;HIN_047972;HIN_047979;HIN_047981;HIN_048511;HIN_048512;HIN_048514;HIN_048965;HIN_049860;HIN_049861;HIN_049947;HIN_049960;HIN_051594;HIN_051952;HIN_051982;HIN_052048;HIN_052237;HIN_053720;HIN_053774;HIN_054048;HIN_054157;HIN_054581;HIN_054971;HIN_054972;HIN_055019;HIN_055297;HIN_056006;HIN_056007;HIN_056127;HIN_056264;HIN_056366;HIN_056721;HIN_056759;HIN_057205;HIN_057346;HIN_057785;HIN_058035;HIN_058494;HIN_058540;HIN_058541;HIN_058960;HIN_059004;HIN_059377;HIN_059513;HIN_059733;HIN_060211;HIN_060562;HIN_060563;HIN_060867;HIN_060998;HIN_061142;HIN_061741;HIN_062755;HIN_062826;HIN_062852;HIN_062990;HIN_063157;HIN_063896;HIN_064548;HIN_064549;HIN_064648;HIN_064870;HIN_065176;HIN_065940;HIN_066252;HIN_066384;HIN_066385;HIN_066390;HIN_066391;HIN_066743;HIN_066938;HIN_067434;HIN_067475;HIN_067996;HIN_068440;HIN_068473;HIN_068502;HIN_068559;HIN_068563;HIN_068875;HIN_068982;HIN_069301;HIN_069314;HIN_069380;HIN_069802;HIN_069803;HIN_070402;HIN_070560;HIN_070584;HIN_070697;HIN_070699;HIN_070766;HIN_070770;HIN_070848;HIN_072187;HIN_072594;HIN_072595;HIN_072620;HIN_072723;HIN_072734;HIN_073289;HIN_073290;HIN_073343;HIN_073344;HIN_073620;HIN_073750;HIN_073857;HIN_073860;HIN_074001;HIN_074360;HIN_074666;HIN_075024;HIN_075318;HIN_075358;HIN_075708;HIN_076068;HIN_076357;HIN_076935;HIN_078092;HIN_079706;HIN_079707;HIN_079776;HIN_080426;HIN_080427;HIN_080638;HIN_080760;HIN_080761;HIN_080941;HIN_081143;HIN_081374;HIN_081682;HIN_081683;HIN_081778;HIN_082135;HIN_082683;HIN_083802;HIN_083803;HIN_083851;HIN_083852;HIN_083863;HIN_084482;HIN_084740;HIN_085551;HIN_085955;HIN_086160;HIN_086161;HIN_086242;HIN_086537;HIN_087083;HIN_088362;HIN_088451;HIN_088928;HIN_089504;HIN_089717;HIN_091500;HIN_092440;HIN_092692;HIN_094014;HIN_094203;HIN_094319;HIN_094455;HIN_094697;HIN_095085;HIN_095404;HIN_095450;HIN_095451;HIN_096546;HIN_096854;HIN_096855;HIN_097772;HIN_097942;HIN_097943;HIN_098066;HIN_098067;HIN_098155;HIN_098182;HIN_099220;HIN_099575;HIN_099616;HIN_099852;HIN_100055;HIN_100056;HIN_100087;HIN_100095;HIN_100177;HIN_100302;HIN_100435;HIN_100436;HIN_100685;HIN_100701;HIN_100764;HIN_100788;HIN_100816;HIN_100843;HIN_100856;HIN_101021;TPC1_10515;TPC1_15096;TPC1_16736;TPC1_20036	Transposase IS4
Architecture 163	150	PF02207	25	125	2	HIN_000346;HIN_092194	Putative zinc finger in N-recognin (UBR box)
Architecture 162	150	PF00085	25	125	19	HIN_000628;HIN_002443;HIN_004101;HIN_004471;HIN_014086;HIN_031664;HIN_041671;HIN_060722;HIN_060954;HIN_062595;HIN_069566;HIN_075379;HIN_090824;TPC1_10749;TPC1_13660;TPC1_14565;TPC1_15853;TPC1_16832;TPC1_20152	Thioredoxin
Architecture 161	150	PF00027	25	125	7	HIN_000733;HIN_000753;HIN_002546;HIN_002574;HIN_088703;HIN_088727;TPC1_13348	Cyclic nucleotide-binding domain
Architecture 160	150	PF12796	25	125	61	HIN_000853;HIN_005282;HIN_009087;HIN_009090;HIN_009111;HIN_009422;HIN_010935;HIN_017696;HIN_021201;HIN_022096;HIN_026282;HIN_026416;HIN_026452;HIN_026669;HIN_029113;HIN_029133;HIN_029136;HIN_031957;HIN_032795;HIN_034614;HIN_036136;HIN_039172;HIN_045686;HIN_049696;HIN_050145;HIN_052823;HIN_057299;HIN_057851;HIN_059942;HIN_069642;HIN_070208;HIN_070547;HIN_071773;HIN_071874;HIN_075858;HIN_076678;HIN_078294;HIN_078306;HIN_078308;HIN_083361;HIN_083367;HIN_085287;HIN_086298;HIN_087683;HIN_089501;HIN_091417;HIN_091556;HIN_091810;HIN_092583;HIN_094123;HIN_094523;HIN_095357;TPC1_11269;TPC1_12682;TPC1_12716;TPC1_13689;TPC1_13773;TPC1_14186;TPC1_14438;TPC1_14790;TPC1_15721	Ankyrin repeats (3 copies)
Architecture 159	150	PF02145	25	125	5	HIN_000906;HIN_081954;HIN_087193;HIN_093364;TPC1_14870	Rap/ran-GAP
Architecture 158	150	PF03372	25	125	14	HIN_001794;HIN_005042;HIN_012377;HIN_012384;HIN_014806;HIN_015144;HIN_016186;HIN_034840;HIN_045172;HIN_061762;HIN_063863;HIN_070320;HIN_085543;TPC1_20025	Endonuclease/Exonuclease/phosphatase family
Architecture 157	150	PF18907	25	125	4	HIN_001841;HIN_078752;HIN_078756;TPC1_12617	Family of unknown function (DUF5662)
Architecture 156	150	PF03133	25	125	33	HIN_002167;HIN_013024;HIN_015908;HIN_017684;HIN_022095;HIN_030076;HIN_048977;HIN_062816;HIN_090769;HIN_091557;HIN_092582;TPC1_10153;TPC1_10269;TPC1_10357;TPC1_10432;TPC1_10721;TPC1_11004;TPC1_12728;TPC1_12746;TPC1_12757;TPC1_12934;TPC1_13132;TPC1_13355;TPC1_13509;TPC1_14005;TPC1_14167;TPC1_14425;TPC1_14605;TPC1_15031;TPC1_15105;TPC1_15824;TPC1_16925;TPC1_17048	Tubulin-tyrosine ligase family
Architecture 155	150	PF02568	25	125	3	HIN_002173;HIN_015940;TPC1_15359	Thiamine biosynthesis protein (ThiI)
Architecture 154	150	PF00071	25	125	58	HIN_002289;HIN_004083;HIN_009136;HIN_010742;HIN_011574;HIN_011577;HIN_012054;HIN_013493;HIN_016948;HIN_018009;HIN_024114;HIN_028157;HIN_030584;HIN_030601;HIN_030604;HIN_038010;HIN_048590;HIN_049978;HIN_049981;HIN_052118;HIN_052123;HIN_052126;HIN_057778;HIN_058969;HIN_058972;HIN_060741;HIN_060931;HIN_062624;HIN_082020;HIN_082039;HIN_083890;HIN_086619;HIN_086720;HIN_088234;HIN_091841;HIN_092360;HIN_094786;HIN_094789;HIN_096183;HIN_097300;TPC1_10292;TPC1_10806;TPC1_11072;TPC1_11439;TPC1_11693;TPC1_11977;TPC1_12780;TPC1_13902;TPC1_14499;TPC1_14777;TPC1_14948;TPC1_15397;TPC1_15411;TPC1_15678;TPC1_15933;TPC1_16907;TPC1_17871;TPC1_20072	Ras family
Architecture 153	150	PF09758	25	125	7	HIN_002621;HIN_019805;HIN_031548;HIN_045250;HIN_070664;HIN_084758;TPC1_20107	Uncharacterised conserved protein
Architecture 152	150	PF00069	25	125	80	HIN_002651;HIN_003114;HIN_009808;HIN_009838;HIN_011306;HIN_018796;HIN_018797;HIN_018808;HIN_018812;HIN_020000;HIN_020004;HIN_020035;HIN_021033;HIN_024037;HIN_024751;HIN_024793;HIN_027073;HIN_027957;HIN_031517;HIN_032126;HIN_032285;HIN_039069;HIN_040332;HIN_045282;HIN_046985;HIN_047208;HIN_047219;HIN_051248;HIN_055012;HIN_057358;HIN_057645;HIN_057696;HIN_057799;HIN_063607;HIN_063664;HIN_063665;HIN_063666;HIN_063725;HIN_063738;HIN_066688;HIN_066956;HIN_067426;HIN_070696;HIN_071262;HIN_072358;HIN_073635;HIN_073636;HIN_073637;HIN_073638;HIN_078125;HIN_079752;HIN_080679;HIN_085340;HIN_087114;HIN_087724;HIN_088520;HIN_089110;HIN_089278;HIN_089292;HIN_090783;HIN_093872;HIN_094822;HIN_099070;HIN_099130;TPC1_10199;TPC1_10696;TPC1_10961;TPC1_11053;TPC1_11782;TPC1_11919;TPC1_11956;TPC1_12957;TPC1_13030;TPC1_13671;TPC1_13727;TPC1_14064;TPC1_15591;TPC1_15767;TPC1_16243;TPC1_17259	Protein kinase domain
Architecture 151	150	PF00012	25	125	3	HIN_002763;HIN_031369;HIN_084993	Hsp70 protein
Architecture 150	150	PF03381	25	125	4	HIN_003049;HIN_027160;HIN_027883;TPC1_11716	LEM3 (ligand-effect modulator 3) family / CDC50 family
Architecture 149	150	PF02138	25	125	12	HIN_003194;HIN_004281;HIN_017273;HIN_026999;HIN_028038;HIN_031843;HIN_039003;HIN_047703;HIN_049072;HIN_064232;TPC1_10769;TPC1_11632	Beige/BEACH domain
Architecture 148	150	PF06445	25	125	29	HIN_003446;HIN_030176;HIN_059666;HIN_070237;HIN_070243;HIN_077552;HIN_090788;HIN_090789;HIN_090790;HIN_090791;HIN_090794;HIN_090796;HIN_090798;HIN_090800;HIN_090801;HIN_090802;HIN_093877;HIN_093881;HIN_093883;HIN_093886;HIN_093887;HIN_093889;HIN_093890;HIN_093892;HIN_093939;HIN_094494;HIN_094698;HIN_094711;TPC1_17300	GyrI-like small molecule binding domain
Architecture 147	150	PF03124	25	125	36	HIN_003777;HIN_011025;HIN_026271;HIN_026280;HIN_026286;HIN_026654;HIN_026667;HIN_026673;HIN_029039;HIN_039161;HIN_039170;HIN_039176;HIN_045953;HIN_045959;HIN_045965;HIN_050821;HIN_053721;HIN_070474;HIN_070563;HIN_070565;HIN_071757;HIN_071770;HIN_071777;HIN_075785;HIN_076657;HIN_076659;HIN_086673;HIN_087764;HIN_088851;HIN_091828;HIN_097449;TPC1_10510;TPC1_11835;TPC1_12519;TPC1_14667;TPC1_16980	EXS family
Architecture 146	150	PF00083	25	125	10	HIN_003809;HIN_003810;HIN_027393;HIN_039944;HIN_040177;HIN_049944;TPC1_11911;TPC1_12289;TPC1_13632;TPC1_13645	Sugar (and other) transporter
Architecture 145	150	PF13489	25	125	2	HIN_004268;TPC1_15860	Methyltransferase domain
Architecture 144	150	PF13848	25	125	6	HIN_004351;HIN_031782;HIN_062497;HIN_083228;HIN_092445;HIN_096157	Thioredoxin-like domain
Architecture 143	150	PF02450	25	125	7	HIN_004396;HIN_004398;HIN_031730;HIN_031733;HIN_062543;HIN_062545;TPC1_17290	Lecithin:cholesterol acyltransferase
Architecture 142	150	PF00249	25	125	89	HIN_004575;HIN_005108;HIN_005281;HIN_006283;HIN_008694;HIN_008695;HIN_010941;HIN_011020;HIN_011118;HIN_011120;HIN_011157;HIN_011158;HIN_011164;HIN_012323;HIN_012791;HIN_014417;HIN_015475;HIN_016485;HIN_018509;HIN_018514;HIN_018515;HIN_018517;HIN_019177;HIN_021920;HIN_023719;HIN_024155;HIN_024946;HIN_025927;HIN_027443;HIN_031224;HIN_031253;HIN_031258;HIN_031559;HIN_032560;HIN_032561;HIN_033502;HIN_033507;HIN_033508;HIN_033510;HIN_035416;HIN_035417;HIN_040222;HIN_040225;HIN_044530;HIN_055049;HIN_056700;HIN_060815;HIN_060858;HIN_064784;HIN_065026;HIN_065030;HIN_065048;HIN_067012;HIN_067017;HIN_068407;HIN_068425;HIN_068426;HIN_068433;HIN_069023;HIN_069643;HIN_071873;HIN_077327;HIN_080899;HIN_083192;HIN_083578;HIN_083805;HIN_083806;HIN_083812;HIN_085982;HIN_088168;HIN_088612;HIN_092478;HIN_095672;HIN_099019;HIN_099982;TPC1_10041;TPC1_11570;TPC1_13156;TPC1_13311;TPC1_13634;TPC1_14227;TPC1_15260;TPC1_15289;TPC1_15475;TPC1_15725;TPC1_15888;TPC1_17616;TPC1_20063;TPC1_20102	Myb-like DNA-binding domain
Architecture 141	150	PF00535	25	125	24	HIN_005089;HIN_005095;HIN_005117;HIN_005118;HIN_005124;HIN_005126;HIN_005129;HIN_007844;HIN_012299;HIN_012301;HIN_012303;HIN_012305;HIN_012306;HIN_012307;HIN_012308;HIN_012309;HIN_012319;HIN_012321;HIN_012340;HIN_038911;HIN_059245;HIN_096891;HIN_098006;TPC1_16989	Glycosyl transferase family 2
Architecture 140	150	PF07992	25	125	4	HIN_005794;HIN_027465;HIN_067036;TPC1_13966	Pyridine nucleotide-disulphide oxidoreductase
Architecture 139	150	PF14938	25	125	3	HIN_005972;HIN_029874;HIN_056815	Soluble NSF attachment protein, SNAP
Architecture 138	150	PF00112	25	125	27	HIN_006005;HIN_018451;HIN_021503;HIN_029917;HIN_033446;HIN_040223;HIN_049171;HIN_055694;HIN_056855;HIN_064957;HIN_068357;HIN_083862;TPC1_10469;TPC1_10703;TPC1_12788;TPC1_13178;TPC1_13451;TPC1_14114;TPC1_14535;TPC1_14852;TPC1_16123;TPC1_16225;TPC1_16402;TPC1_16607;TPC1_16762;TPC1_17028;TPC1_17316	Papain family cysteine protease
Architecture 137	150	PF00004	25	125	5	HIN_006512;HIN_008195;HIN_046149;TPC1_11389;TPC1_17751	ATPase family associated with various cellular activities (AAA)
Architecture 136	150	PF04851	25	125	4	HIN_006595;HIN_006610;HIN_055994;HIN_073302	Type III restriction enzyme, res subunit
Architecture 135	150	PF01485	25	125	1	HIN_006603	IBR domain, a half RING-finger domain
Architecture 134	150	PF00271	25	125	5	HIN_006642;HIN_040624;HIN_073341;TPC1_10782;TPC1_14214	Helicase conserved C-terminal domain
Architecture 133	150	PF00270	25	125	3	HIN_006643;HIN_008119;HIN_040623	DEAD/DEAH box helicase
Architecture 132	150	PF01554	25	125	25	HIN_006748;HIN_006765;HIN_006817;HIN_006828;HIN_012869;HIN_022889;HIN_026422;HIN_028773;HIN_041689;HIN_051629;HIN_051679;HIN_051686;HIN_051706;HIN_051723;HIN_055871;HIN_079455;HIN_082568;HIN_085922;HIN_088809;HIN_093182;HIN_095206;HIN_099337;TPC1_11032;TPC1_16836;TPC1_17760	MatE
Architecture 131	150	PF12799	25	125	16	HIN_007729;HIN_023697;HIN_024801;HIN_037226;HIN_044179;HIN_048345;HIN_050534;HIN_061399;HIN_064474;HIN_066747;HIN_066751;HIN_066753;HIN_077272;HIN_078093;HIN_078094;HIN_089381	Leucine Rich repeats (2 copies)
Architecture 130	150	PF00498	25	125	8	HIN_007747;HIN_019058;HIN_038795;HIN_049622;HIN_068190;HIN_098399;TPC1_13504;TPC1_16071	FHA domain
Architecture 129	150	PF00191	25	125	7	HIN_007911;HIN_026106;HIN_059330;HIN_068830;HIN_080927;TPC1_15579;TPC1_17611	Annexin
Architecture 128	150	PF00328	25	125	4	HIN_008697;HIN_032563;HIN_035419;TPC1_12145	Histidine phosphatase superfamily (branch 2)
Architecture 127	150	PF00025	25	125	15	HIN_009107;HIN_026441;HIN_026465;HIN_029125;HIN_031941;HIN_053002;HIN_062083;HIN_078268;HIN_078298;HIN_080498;HIN_084245;HIN_090199;HIN_095770;TPC1_11320;TPC1_17867	ADP-ribosylation factor family
Architecture 126	150	PF00294	25	125	8	HIN_009406;HIN_021526;HIN_045673;HIN_049681;HIN_056014;HIN_087569;HIN_090012;TPC1_13532	pfkB family carbohydrate kinase
Architecture 125	150	PF04916	25	125	7	HIN_009557;HIN_009719;HIN_009729;HIN_024697;HIN_025320;HIN_078790;TPC1_15739	Phospholipase B
Architecture 124	150	PF03031	25	125	12	HIN_009643;HIN_025436;HIN_026163;HIN_031228;HIN_039815;HIN_043824;HIN_060854;HIN_065045;HIN_085224;TPC1_10773;TPC1_16526;TPC1_17026	NLI interacting factor-like phosphatase
Architecture 123	150	PF15902	25	125	2	HIN_009810;HIN_057694	Sortilin, neurotensin receptor 3,
Architecture 122	150	PF00023	25	125	8	HIN_010357;HIN_023552;HIN_031158;HIN_071860;HIN_082388;TPC1_10885;TPC1_16618;TPC1_31026	Ankyrin repeat
Architecture 121	150	PF13358	25	125	10	HIN_010583;HIN_018206;HIN_023775;HIN_027427;HIN_030782;HIN_032868;HIN_059291;HIN_059354;TPC1_10627;TPC1_14324	DDE superfamily endonuclease
Architecture 120	150	PF03643	25	125	4	HIN_011092;HIN_064823;HIN_068392;TPC1_20048	Vacuolar protein sorting-associated protein 26
Architecture 119	150	PF12850	25	125	5	HIN_011127;HIN_064797;HIN_064803;HIN_068411;TPC1_20043	Calcineurin-like phosphoesterase superfamily domain
Architecture 118	150	PF00782	25	125	2	HIN_012025;HIN_013530	Dual specificity phosphatase, catalytic domain
Architecture 117	150	PF02089	25	125	12	HIN_012219;HIN_021173;HIN_031985;HIN_054115;HIN_057273;HIN_061000;HIN_091443;TPC1_10896;TPC1_12296;TPC1_13724;TPC1_14205;TPC1_16595	Palmitoyl protein thioesterase
Architecture 116	150	PF00995	25	125	4	HIN_014052;HIN_041712;HIN_044946;TPC1_14127	Sec1 family
Architecture 115	150	PF10211	25	125	8	HIN_014600;HIN_014640;HIN_050993;HIN_051029;HIN_055216;HIN_055249;TPC1_10857;TPC1_13604	Axonemal dynein light chain
Architecture 114	150	PF01369	25	125	3	HIN_015523;HIN_016539;HIN_091250	Sec7 domain
Architecture 113	150	PF01652	25	125	4	HIN_016189;HIN_040701;HIN_094057;TPC1_10290	Eukaryotic initiation factor 4E
Architecture 112	150	PF02181	25	125	3	HIN_016192;HIN_094060;TPC1_14234	Formin Homology 2 Domain
Architecture 111	150	PF03932	25	125	3	HIN_016392;HIN_076848;TPC1_15946	CutC family
Architecture 110	150	PF01546	25	125	7	HIN_016399;HIN_018708;HIN_027664;HIN_048207;HIN_073559;HIN_076857;TPC1_16106	Peptidase family M20/M25/M40
Architecture 109	150	PF00149	25	125	16	HIN_016811;HIN_022903;HIN_023243;HIN_033857;HIN_034066;HIN_034181;HIN_038405;HIN_050402;HIN_054197;HIN_067914;HIN_075201;HIN_093112;TPC1_11325;TPC1_13235;TPC1_13694;TPC1_20046	Calcineurin-like phosphoesterase
Architecture 108	150	PF00561	25	125	5	HIN_016896;HIN_017962;HIN_059791;HIN_090371;HIN_094641	alpha/beta hydrolase fold
Architecture 107	150	PF09234	25	125	19	HIN_016902;HIN_017900;HIN_023080;HIN_023083;HIN_023089;HIN_023090;HIN_023097;HIN_023104;HIN_044023;HIN_044024;HIN_044029;HIN_047410;HIN_047411;HIN_068281;HIN_068286;HIN_072019;HIN_073790;HIN_074124;HIN_077071	Domain of unknown function (DUF1963)
Architecture 106	150	PF05225	25	125	26	HIN_017293;HIN_017590;HIN_027684;HIN_047692;HIN_047694;HIN_048160;HIN_049060;HIN_049063;HIN_049100;HIN_049241;HIN_049244;HIN_049247;HIN_052692;HIN_056473;HIN_058003;HIN_058006;HIN_067180;HIN_067482;HIN_076350;HIN_085519;HIN_085521;HIN_092919;HIN_092922;HIN_092925;HIN_099329;TPC1_20185	helix-turn-helix, Psq domain
Architecture 105	150	PF12116	25	125	17	HIN_017712;HIN_017715;HIN_020553;HIN_037862;HIN_037864;HIN_041378;HIN_047725;HIN_052831;HIN_052834;HIN_056447;HIN_065428;HIN_065445;HIN_077623;HIN_084439;HIN_084441;HIN_086307;HIN_086310	Stage III sporulation protein D
Architecture 104	150	PF05132	25	125	1	HIN_017746	RNA polymerase III RPC4
Architecture 103	150	PF09820	25	125	1	HIN_017751	Predicted AAA-ATPase
Architecture 102	150	PF08011	25	125	1	HIN_017752	PD-(D/E)XK nuclease superfamily
Architecture 101	150	PF00092	25	125	5	HIN_018256;TPC1_12619;TPC1_15206;TPC1_16258;TPC1_17840	von Willebrand factor type A domain
Architecture 100	150	PF13419	25	125	4	HIN_018507;HIN_033500;HIN_083814;TPC1_14255	Haloacid dehalogenase-like hydrolase
Architecture 99	150	PF13516	25	125	3	HIN_018605;HIN_085397;HIN_095175	Leucine Rich repeat
Architecture 98	150	PF00113	25	125	4	HIN_019430;HIN_020779;HIN_024456;HIN_046295	Enolase, C-terminal TIM barrel domain
Architecture 97	150	PF02146	25	125	7	HIN_020040;HIN_063601;HIN_073696;HIN_088514;HIN_094828;TPC1_12737;TPC1_13168	Sir2 family
Architecture 96	150	PF02278	25	125	1	HIN_020364	Polysaccharide lyase family 8, super-sandwich domain
Architecture 95	150	PF01713	25	125	12	HIN_020930;HIN_020937;HIN_020951;HIN_064581;HIN_064593;HIN_081305;HIN_081309;HIN_081313;HIN_091008;HIN_098535;HIN_099129;TPC1_10974	Smr domain
Architecture 94	150	PF00884	25	125	4	HIN_021119;HIN_032050;HIN_099273;TPC1_16435	Sulfatase
Architecture 93	150	PF04031	25	125	4	HIN_021167;HIN_031988;HIN_057269;TPC1_20007	Las1-like
Architecture 92	150	PF18198	25	125	1	HIN_021558	Dynein heavy chain AAA lid domain
Architecture 91	150	PF05871	25	125	4	HIN_021968;HIN_056641;HIN_066097;TPC1_20114	ESCRT-II complex subunit
Architecture 90	150	PF07720	25	125	4	HIN_022078;HIN_022092;HIN_091564;HIN_092575	Tetratricopeptide repeat
Architecture 89	150	PF03357	25	125	3	HIN_022274;HIN_036651;HIN_056598	Snf7
Architecture 88	150	PF01302	25	125	10	HIN_022604;HIN_022606;HIN_028525;HIN_028527;HIN_043013;HIN_043533;HIN_043535;HIN_091945;HIN_091947;HIN_091949	CAP-Gly domain
Architecture 87	150	PF00560	25	125	2	HIN_022724;HIN_043115	Leucine Rich Repeat
Architecture 86	150	PF01221	25	125	7	HIN_023146;HIN_043974;HIN_047357;HIN_060750;HIN_060922;TPC1_13009;TPC1_14556	Dynein light chain type 1
Architecture 85	150	PF06100	25	125	4	HIN_023389;TPC1_13213;TPC1_13335;TPC1_15618	MCRA family
Architecture 84	150	PF02121	25	125	7	HIN_023481;HIN_023486;HIN_023493;HIN_031069;HIN_031102;HIN_082336;HIN_095927	Phosphatidylinositol transfer protein
Architecture 83	150	PF06602	25	125	3	HIN_026093;HIN_080914;HIN_091154	Myotubularin-like phosphatase domain
Architecture 82	150	PF07690	25	125	20	HIN_026114;HIN_026147;HIN_026152;HIN_026179;HIN_032837;HIN_033932;HIN_034105;HIN_034661;HIN_039793;HIN_039805;HIN_049976;HIN_050195;HIN_080029;HIN_080933;HIN_085234;HIN_085248;TPC1_10730;TPC1_12855;TPC1_13080;TPC1_13457	Major Facilitator Superfamily
Architecture 81	150	PF13901	25	125	6	HIN_026335;HIN_026721;HIN_039231;HIN_045899;TPC1_30067;TPC1_31189	Putative zinc-RING and/or ribbon
Architecture 80	150	PF13202	25	125	1	HIN_026397	EF hand
Architecture 79	150	PF08017	25	125	1	HIN_026421	Fibrinogen binding protein
Architecture 78	150	PF17404	25	125	5	HIN_026523;HIN_061999;HIN_063497;HIN_081632;TPC1_11975	Nrap protein domain 3
Architecture 77	150	PF02383	25	125	5	HIN_026564;HIN_061958;HIN_063542;HIN_091729;TPC1_14606	SacI homology domain
Architecture 76	150	PF00481	25	125	10	HIN_026848;HIN_039331;HIN_059589;HIN_066529;HIN_069819;HIN_071574;HIN_081566;HIN_085139;TPC1_11938;TPC1_12692	Protein phosphatase 2C
Architecture 75	150	PF13833	25	125	2	HIN_027592;TPC1_10569	EF-hand domain pair
Architecture 74	150	PF07002	25	125	3	HIN_027661;HIN_048210;TPC1_11519	Copine
Architecture 73	150	PF00857	25	125	6	HIN_028407;HIN_053106;HIN_062169;HIN_062176;HIN_080844;TPC1_12837	Isochorismatase family
Architecture 72	150	PF00753	25	125	9	HIN_028899;HIN_028900;HIN_028913;HIN_053875;HIN_056915;HIN_056931;HIN_074083;HIN_074099;HIN_097098	Metallo-beta-lactamase superfamily
Architecture 71	150	PF01105	25	125	5	HIN_028986;HIN_053808;HIN_088898;HIN_092989;TPC1_20083	emp24/gp25L/p24 family/GOLD
Architecture 70	150	PF04326	25	125	4	HIN_029078;HIN_059212;HIN_064875;HIN_075746	Putative DNA-binding domain
Architecture 69	150	PF07969	25	125	7	HIN_030571;HIN_061173;HIN_061175;HIN_082061;HIN_086202;HIN_086605;TPC1_17651	Amidohydrolase family
Architecture 68	150	PF08541	25	125	3	HIN_032703;HIN_035555;TPC1_11598	3-Oxoacyl-[acyl-carrier-protein (ACP)] synthase III C terminal
Architecture 67	150	PF10091	25	125	6	HIN_033050;HIN_033598;HIN_042610;HIN_084101;HIN_084116;TPC1_12962	Putative glucoamylase
Architecture 66	150	PF05327	25	125	4	HIN_033104;HIN_033642;HIN_042652;HIN_069056	RNA polymerase I specific transcription initiation factor RRN3
Architecture 65	150	PF00225	25	125	5	HIN_034246;HIN_037560;HIN_057067;HIN_077967;TPC1_10303	Kinesin motor domain
Architecture 64	150	PF00226	25	125	9	HIN_034286;HIN_057101;HIN_057800;HIN_069923;HIN_077933;HIN_085339;HIN_087723;TPC1_11631;TPC1_14229	DnaJ domain
Architecture 63	150	PF09402	25	125	5	HIN_036007;HIN_036482;HIN_081823;HIN_082435;TPC1_13526	Man1-Src1p-C-terminal domain
Architecture 62	150	PF00005	25	125	8	HIN_036011;HIN_039378;HIN_039379;HIN_072383;TPC1_10835;TPC1_16314;TPC1_17566;TPC1_17779	ABC transporter
Architecture 61	150	PF00787	25	125	5	HIN_036069;HIN_036415;HIN_037384;HIN_037389;TPC1_16396	PX domain
Architecture 60	150	PF01470	25	125	5	HIN_036093;HIN_036393;HIN_037352;TPC1_12251;TPC1_13217	Pyroglutamyl peptidase
Architecture 59	150	PF01975	25	125	4	HIN_036135;HIN_060475;HIN_094122;TPC1_10637	Survival protein SurE
Architecture 58	150	PF01191	25	125	4	HIN_036841;HIN_045547;HIN_058124;TPC1_17286	RNA polymerase Rpb5, C-terminal domain
Architecture 57	150	PF00254	25	125	4	HIN_037453;HIN_049292;HIN_057956;HIN_078972	FKBP-type peptidyl-prolyl cis-trans isomerase
Architecture 56	150	PF00406	25	125	4	HIN_039487;HIN_077877;HIN_087274;TPC1_13859	Adenylate kinase
Architecture 55	150	PF14538	25	125	4	HIN_039683;HIN_059129;HIN_059519;HIN_064949	Raptor N-terminal CASPase like domain
Architecture 54	150	PF05495	25	125	8	HIN_040290;HIN_052368;HIN_071317;HIN_071453;HIN_074243;HIN_079498;HIN_083477;HIN_084737	CHY zinc finger
Architecture 53	150	PF00728	25	125	7	HIN_040877;HIN_040882;HIN_051920;HIN_051924;HIN_055517;HIN_066437;TPC1_14084	Glycosyl hydrolase family 20, catalytic domain
Architecture 52	150	PF13683	25	125	1	HIN_041765	Integrase core domain
Architecture 51	150	PF00179	25	125	9	HIN_041886;HIN_058699;HIN_082178;HIN_082192;TPC1_10244;TPC1_10676;TPC1_11058;TPC1_12701;TPC1_14121	Ubiquitin-conjugating enzyme
Architecture 50	150	PF01088	25	125	5	HIN_044533;HIN_089217;HIN_089756;TPC1_10887;TPC1_14748	Ubiquitin carboxyl-terminal hydrolase, family 1
Architecture 49	150	PF12762	25	125	5	HIN_044541;HIN_070119;HIN_089225;HIN_089764;TPC1_15234	ISXO2-like transposase domain
Architecture 48	150	PF08613	25	125	3	HIN_046976;HIN_051253;HIN_079984	Cyclin
Architecture 47	150	PF13499	25	125	24	HIN_047065;HIN_053890;HIN_056940;HIN_056947;HIN_056949;HIN_057521;HIN_059338;HIN_063870;HIN_066267;HIN_066284;HIN_066287;HIN_068839;HIN_074059;HIN_074061;HIN_074063;HIN_074070;HIN_085553;HIN_096636;HIN_100032;HIN_100688;TPC1_12549;TPC1_12698;TPC1_13253;TPC1_17344	EF-hand domain pair
Architecture 46	150	PF14529	25	125	2	HIN_047076;HIN_057511	Endonuclease-reverse transcriptase
Architecture 45	150	PF16830	25	125	3	HIN_048019;HIN_056297;HIN_065351	Nucleotide-Binding Domain 94 of RH
Architecture 44	150	PF00578	25	125	1	HIN_048804	AhpC/TSA family
Architecture 43	150	PF07004	25	125	4	HIN_052384;HIN_071432;TPC1_11050;TPC1_16951	Sperm-tail PG-rich repeat
Architecture 42	150	PF02714	25	125	5	HIN_052898;HIN_081471;HIN_088271;HIN_088285;TPC1_17740	Calcium-dependent channel, 7TM region, putative phosphate
Architecture 41	150	PF01432	25	125	5	HIN_054080;HIN_059901;HIN_072117;HIN_072993;TPC1_14798	Peptidase family M3
Architecture 40	150	PF03479	25	125	5	HIN_055009;HIN_075597;HIN_090038;HIN_097496;TPC1_10673	Plants and Prokaryotes Conserved (PCC) domain
Architecture 39	150	PF03176	25	125	1	HIN_057268	MMPL family
Architecture 38	150	PF13921	25	125	4	HIN_059855;HIN_071665;HIN_089753;TPC1_11753	Myb-like DNA-binding domain
Architecture 37	150	PF13855	25	125	5	HIN_065914;HIN_080522;HIN_093849;TPC1_12552;TPC1_14643	Leucine rich repeat
Architecture 36	150	PF00076	25	125	6	HIN_066699;HIN_067750;HIN_077295;HIN_078114;TPC1_15986;TPC1_31134	RNA recognition motif. (a.k.a. RRM, RBD, or RNP domain)
Architecture 35	150	PF13086	25	125	7	HIN_066729;TPC1_10583;TPC1_10743;TPC1_10861;TPC1_10963;TPC1_13766;TPC1_16633	AAA domain
Architecture 34	150	PF01490	25	125	4	HIN_066978;HIN_094488;TPC1_14124;TPC1_16846	Transmembrane amino acid transporter protein
Architecture 33	150	PF12146	25	125	6	HIN_069773;HIN_083872;HIN_092397;HIN_096164;TPC1_10140;TPC1_10658	Serine aminopeptidase, S33
Architecture 32	150	PF10367	25	125	5	HIN_072056;HIN_074501;HIN_087964;TPC1_15396;TPC1_17083	Vacuolar sorting protein 39 domain 2
Architecture 31	150	PF00266	25	125	2	HIN_084209;HIN_084220	Aminotransferase class-V
Architecture 30	150	PF07885	25	125	1	HIN_086757	Ion channel
Architecture 29	150	PF02252	25	125	1	TPC1_10181	Proteasome activator pa28 beta subunit
Architecture 28	150	PF00258	25	125	1	TPC1_10227	Flavodoxin
Architecture 27	150	PF02493	25	125	1	TPC1_10376	MORN repeat
Architecture 26	150	PF15963	25	125	2	TPC1_10426;TPC1_16548	Myb DNA-binding like
Architecture 25	150	PF04118	25	125	1	TPC1_10577	Dopey, N-terminal
Architecture 24	150	PF00892	25	125	1	TPC1_10717	EamA-like transporter family
Architecture 23	150	PF13521	25	125	1	TPC1_10803	AAA domain
Architecture 22	150	PF01498	25	125	2	TPC1_11112;TPC1_14231	Transposase
Architecture 21	150	PF00665	25	125	3	TPC1_11299;TPC1_17115;TPC1_17442	Integrase core domain
Architecture 20	150	PF08743	25	125	1	TPC1_11469	Nse4 C-terminal
Architecture 19	150	PF05131	25	125	1	TPC1_11483	Pep3/Vps18/deep orange family
Architecture 18	150	PF11187	25	125	1	TPC1_12499	Protein of unknown function (DUF2974)
Architecture 17	150	PF13350	25	125	1	TPC1_12871	Tyrosine phosphatase family
Architecture 16	150	PF14580	25	125	1	TPC1_13225	Leucine-rich repeat
Architecture 15	150	PF13838	25	125	1	TPC1_13751	Clathrin-H-link
Architecture 14	150	PF13304	25	125	1	TPC1_14421	AAA domain, putative AbiEii toxin, Type IV TA system
Architecture 13	150	PF13716	25	125	1	TPC1_14666	Divergent CRAL/TRIO domain
Architecture 12	150	PF01248	25	125	1	TPC1_14865	Ribosomal protein L7Ae/L30e/S12e/Gadd45 family
Architecture 11	150	PF00134	25	125	1	TPC1_15456	Cyclin, N-terminal domain
Architecture 10	150	PF03184	25	125	2	TPC1_15469;TPC1_17148	DDE superfamily endonuclease
Architecture 9	150	PF13639	25	125	1	TPC1_17091	Ring finger domain
Architecture 8	150	PF14560	25	125	1	TPC1_17282	Ubiquitin-like domain
Architecture 7	150	PF00566	25	125	1	TPC1_20016	Rab-GTPase-TBC domain
Architecture 6	150	PF03221	25	125	3	TPC1_20065;TPC1_20109;TPC1_20165	Tc5 transposase DNA-binding domain
Architecture 5	150	PF00169	25	125	1	TPC1_20067	PH domain
Architecture 4	150	PF13673	25	125	1	TPC1_20132	Acetyltransferase (GNAT) domain
Architecture 3	150	PF02204	25	125	1	TPC1_31001	Vacuolar sorting protein 9 (VPS9) domain
Architecture 2	150	PF00996	25	125	1	TPC1_31018	GDP dissociation inhibitor
Architecture 1	150	PF01529	25	125	1	TPC1_31133	DHHC palmitoyltransferase
